city,state,Long Term Debt - Beginning Outstanding - Unspecified Public Purpose,Outstanding Unspecified Public Purpose,Retired Unspecified Public Purpose,Long Term Debt - Outstanding Unspecified Public Purpose,Beginning Outstanding - Unspecified Public Purpose,Retired Nonguaranteed - Public Debt for Private Purpose,Beginning Outstanding - Public Debt for Private Purpose,"Issue, Unspecified Public Purpose",Short Term Debt Outstanding - Beginning,End of Fiscal Year,Outstanding Nonguaranteed - Industrial Revenue,"Issue, Nonguaranteed - Public Debt for Private Purpose",Long Term Debt - Beginning Outstanding - Public Debt for Private Purpose,Short Term Debt Outstanding - End of Fiscal Year,Beginning,Long Term Debt - Outstanding Nonguaranteed - Industrial Revenue,Long Term Debt - Retired Unspecified Public Purpose,Beginning Outstanding - Other,Outstanding Nonguaranteed - Other - Other,Outstanding - Full Faith and Credit - Other - Other,Beginning Outstanding - Gas Utilities,Outstanding - Full Faith and Credit - Gas Utilities,Offsets - Nonguaranteed,Issue - Full Faith and Credit - Gas Utilities,Retired Nonguaranteed - Other - Other,Beginning Outstanding - Industrial Revenue,Offsets - Full Faith and Credit,"Issue, Nonguaranteed - Other - Other",Refunded - Issued,Refunded - Retired,Issue - Full Faith and Credit - Other - Other,Retired - Full Faith and Credit - Other - Other,Outstanding - Full Faith and Credit - Transit Utilities,Retired Nonguaranteed - Industrial Revenue,Beginning Outstanding - Transit Utilities,Issue - Full Faith and Credit - Transit Utilities,Retired - Full Faith and Credit - Gas Utilities,Retired - Full Faith and Credit - Transit Utilities,"Issue, Unspecified - Other - Other","Long Term Debt - Issue, Unspecified Public Purpose",Retired Unspecified - Other - Other,Beginning Outstanding - Water Utilities,Outstanding Nonguaranteed - Water Utilities,"Beginning Outstanding, Education - Other",Outstanding - Full Faith and Credit - Elementary and Secondary Education,Retired Unspecified - Elementary and Secondary Education,Retired Unspecified - Water Utilities
Nevada-City,California,1319.25,1263.98,54.96,,,,,,,,,,,,,,,,,,,,,,,,,,,,,,,,,,,,,,,,,,,,
Port-Jervis,New-York,,,80.51,1188.71,774.60,765.95,765.95,494.62,474.76,8.18,,,,,,,,,,,,,,,,,,,,,,,,,,,,,,,,,,,,,
Richmond,California,5411.40,5227.18,302.81,,,7.24,457.09,118.59,,,449.85,,,,,,,,,,,,,,,,,,,,,,,,,,,,,,,,,,,,
Kansas-City,Missouri,,,674.92,5498.59,5436.92,148.36,1798.27,736.60,,,1819.18,169.27,,,,,,,,,,,,,,,,,,,,,,,,,,,,,,,,,,,
Annapolis,Maryland,3531.47,3423.22,759.66,,,3.57,27.41,651.40,,,23.84,,,,,,,,,,,,,,,,,,,,,,,,,,,,,,,,,,,,
Durango,Colorado,1483.74,1356.14,127.60,,,0.74,9.91,,,,9.17,,,,,,,,,,,,,,,,,,,,,,,,,,,,,,,,,,,,
Murfreesboro,Tennessee,,,283.78,2776.14,2510.79,,,549.14,,,,,,,,,,,,,,,,,,,,,,,,,,,,,,,,,,,,,,,
Lincoln,Nebraska,4404.36,4170.34,696.71,,,,,462.69,,,,,,,,,,,,,,,,,,,,,,,,,,,,,,,,,,,,,,,
Bloomfield,New-Mexico,2269.49,2136.63,171.76,,,,,39.04,,,,,,,,,,,,,,,,,,,,,,,,,,,,,,,,,,,,,,,
Junction,Texas,2059.07,1930.12,128.95,,,,,,,,,,,,,,,,,,,,,,,,,,,,,,,,,,,,,,,,,,,,
Yakima,Washington,966.73,877.37,90.41,,,,,1.06,,,,,,,,,,,,,,,,,,,,,,,,,,,,,,,,,,,,,,,
Largo,Florida,,,50.51,426.20,218.89,,,257.83,,,,,,,,,,,,,,,,,,,,,,,,,,,,,,,,,,,,,,,
Portales,New-Mexico,,,8.53,2383.46,2253.83,,,138.16,,,,,,,,,,,,,,,,,,,,,,,,,,,,,,,,,,,,,,,
Roselle,Illinois,,,164.63,1537.24,1379.20,,,322.66,,,,,,,,,,,,,,,,,,,,,,,,,,,,,,,,,,,,,,,
Los-Angeles,California,,,480.41,7102.11,6873.62,31.10,349.73,1199.04,,,380.82,,,,,,,,,,,,,,,,,,,,,,,,,,,,,,,,,,,,
Conway,Arkansas,,2896.01,336.33,,3019.47,338.42,,212.87,,,3122.65,,3461.07,,,,,,,,,,,,,,,,,,,,,,,,,,,,,,,,,,
Tucson,Arizona,1835.17,1490.18,344.99,,,,,,,,,,,,,,,,,,,,,,,,,,,,,,,,,,,,,,,,,,,,
Bloomington,Indiana,2811.78,2782.61,368.51,,,10.15,71.07,339.35,,,60.93,,,,,,,,,,,,,,,,,,,,,,,,,,,,,,,,,,,,
Douglas,Georgia,90.29,3.85,86.45,,,,,,,,,,,,,,,,,,,,,,,,,,,,,,,,,,,,,,,,,,,,
Gillette,Wyoming,4950.98,4810.15,140.84,,,,,,,,,,,,,,,,,,,,,,,,,,,,,,,,,,,,,,,,,,,,
Birmingham,Alabama,6932.67,6675.37,257.30,,,,,,,,,,,,,,,,,,,,,,,,,,,,,,,,,,,,,,,,,,,,
Santa-Rosa,California,2249.96,2068.23,817.93,,,,222.49,636.20,,,222.49,,,,,,,,,,,,,,,,,,,,,,,,,,,,,,,,,,,,
Emlenton,Pennsylvania,287.96,258.29,29.67,,,,,,,,,,,,,,,,,,,,,,,,,,,,,,,,,,,,,,,,,,,,
Jackson,Wisconsin,2151.94,1850.42,364.03,,,53.61,165.14,62.50,,,111.53,,,,,,,,,,,,,,,,,,,,,,,,,,,,,,,,,,,,
South-Chicago-Heights,Illinois,950.04,817.39,148.64,,,,,15.99,,,,,,,,,,,,,,,,,,,,,,,,,,,,,,,,,,,,,,,
Cheboygan,Michigan,1680.96,1531.37,209.35,,,,,59.75,,,,,,,,,,,,,,,,,,,,,,,,,,,,,,,,,,,,,,,
Homewood,Alabama,,,1838.04,5986.96,2304.05,,,5520.94,,,,,,,,,,,,,,,,,,,,,,,,,,,,,,,,,,,,,,,
Danbury,Connecticut,1986.78,1931.66,534.96,,,,,479.85,755.66,460.48,,,,,,,,,,,,,,,,,,,,,,,,,,,,,,,,,,,,,
La-Crosse,Wisconsin,,,269.80,1505.32,1239.05,,,536.05,,,,,,,,,,,,,,,,,,,,,,,,,,,,,,,,,,,,,,,
Rehoboth-Beach,Delaware,,,524.58,31538.16,10548.51,,,21514.23,,,,,,,,,,,,,,,,,,,,,,,,,,,,,,,,,,,,,,,
Douglas,Arizona,1499.54,1125.05,374.48,,,,,,,,,,,,,,,,,,,,,,,,,,,,,,,,,,,,,,,,,,,,
Taos,New-Mexico,1961.71,1763.20,198.52,,,,,,,,,,,,,,,,,,,,,,,,,,,,,,,,,,,,,,,,,,,,
Salisbury,Maryland,,,215.82,3219.80,3055.26,,,380.36,,,,,,,,,,,,,,,,,,,,,,,,,,,,,,,,,,,,,,,
Fort-Lauderdale,Florida,3980.03,3744.14,252.52,,,,,3.86,,,,,,,,,,,,,,,,,,,,,,,,,,,,,,,,,,,,,,,
Bloomingdale,Illinois,1268.01,1101.75,194.09,,,,,27.78,,,,,,,,,,,,,,,,,,,,,,,,,,,,,,,,,,,,,,,
Cincinnati,Ohio,3792.44,3602.22,480.67,,,,,290.46,,,,,,192.81,109.61,,,,,,,,,,,,,,,,,,,,,,,,,,,,,,,,
Waukesha,Wisconsin,,,249.08,3843.84,3479.45,,,613.47,148.62,115.70,,,,,,,,,,,,,,,,,,,,,,,,,,,,,,,,,,,,,
Springfield,Illinois,12402.71,11621.15,1441.48,,,5.03,176.29,659.91,,,171.26,,,,,,,,,,,,,,,,,,,,,,,,,,,,,,,,,,,,
Carol-Stream,Illinois,191.59,178.05,13.54,,,,,,,,,,,,,,,,,,,,,,,,,,,,,,,,,,,,,,,,,,,,
Rock-Island,Illinois,1787.26,1692.97,301.00,,,,,206.72,,,,,,,,,,,,,,,,,,,,,,,,,,,,,,,,,,,,,,,
Early,Texas,3439.24,3285.76,153.48,,,,,,,,,,,,,,,,,,,,,,,,,,,,,,,,,,,,,,,,,,,,
Decatur,Alabama,2216.84,2154.25,157.00,,,,1469.37,94.41,,,1561.58,92.20,,,,,,,,,,,,,,,,,,,,,,,,,,,,,,,,,,,
Winfield,Illinois,901.00,845.06,64.13,,,,,8.20,,,,,,,,,,,,,,,,,,,,,,,,,,,,,,,,,,,,,,,
Charlottesville,Virginia,,,248.83,3000.80,2985.68,,,263.95,,,,,,,,,,,,,,,,,,,,,,,,,,,,,,,,,,,,,,,
Jackson,Ohio,,1422.79,225.36,,1648.15,,4193.74,,,,,,,,,4193.74,,,,,,,,,,,,,,,,,,,,,,,,,,,,,,,
West-Memphis,Arkansas,522.38,484.80,37.78,,,40.98,254.08,,,,213.10,,,,,,,,,,,,,,,,,,,,,,,,,,,,,,,,,,,,
Elkhart,Indiana,,,,969.10,969.10,,,,,,,,,,,,,,,,,,,,,,,,,,,,,,,,,,,,,,,,,,
Chico,California,1320.94,1242.51,82.99,,,,,4.58,,,,,,,,,,,,,,,,,,,,,,,,,,,,,,,,,,,,,,,
Mineral-Springs,Arkansas,86.24,74.04,12.20,,,,,,,,,,,,,,,,,,,,,,,,,,,,,,,,,,,,,,,,,,,,
Rochester,New-York,1272.42,1237.15,206.11,,,,,170.84,628.69,428.15,,,,,,,,,,,,,,,,,,,,,,,,,,,,,,,,,,,,,
Pinellas-Park,Florida,417.36,357.50,27.46,,,,,,,,,,,,,,,,,,,,,,,,,,,,,,,,,,,,,,,,,,,,
Sioux-Falls,South-Dakota,1948.69,1775.95,471.54,,,,280.21,298.79,,,280.21,,,,,,,,,,,,,,,,,,,,,,,,,,,,,,,,,,,,
Crestview,Florida,,,119.06,1094.72,609.80,,,603.98,,,,,,,,,,,,,,,,,,,,,,,,,,,,,,,,,,,,,,,
Albertville,Minnesota,1225.76,1053.19,172.57,,,,,,,,,,,,,,,,,,,,,,,,,,,,,,,,,,,,,,,,,,,,
Prosser,Washington,3088.71,2846.24,252.51,,,,,10.03,,,,,,,,,,,,,,,,,,,,,,,,,,,,,,,,,,,,,,,
Pompano-Beach,Florida,,,51.86,528.38,468.84,13.82,465.76,,,,451.93,,,,,,,,,,,,,,,,,,,,,,,,,,,,,,,,,,,,
Daytona-Beach,Florida,2008.27,1959.75,77.63,,,,,11.42,,,,,,,,,,,,,,,,,,,,,,,,,,,,,,,,,,,,,,,
Poulsbo,Washington,1515.67,1427.65,183.11,,,,,95.00,,,,,,,,,,,,,,,,,,,,,,,,,,,,,,,,,,,,,,,
Portland,Tennessee,,,725.86,1981.81,1467.46,,,1240.21,,,,,,,,,,,,,,,,,,,,,,,,,,,,,,,,,,,,,,,
Laredo,Texas,1996.89,1403.55,593.35,,,,,,,,,,,,,,,,,,,,,,,,,,,,,,,,,,,,,,,,,,,,
Las-Vegas,Nevada,,,52.04,1235.55,1224.47,,,63.12,,,,,,,,,,,,,,,,,,,,,,,,,,,,,,,,,,,,,,,
Trenton,New-Jersey,3106.75,2809.91,296.85,,,20.86,335.16,,,,314.30,,,22.19,20.86,,,,,,,,,,,,,,,,,,,,,,,,,,,,,,,,
Hillsdale,New-Jersey,479.29,479.29,,,,,,,,,,,,,,,,,,,,,,,,,,,,,,,,,,,,,,,,,,,,,
North-Miami,Florida,,,30.29,297.95,285.38,,,,,,,,,,,,,,,,,,,,,,,,,,,,,,,,,,,,,,,,,,
Shepherd,Texas,260.26,260.26,,,,,,,,,,,,,,,,,,,,,,,,,,,,,,,,,,,,,,,,,,,,,
Sacramento,California,4160.56,3708.50,452.05,,,26.06,472.52,,,,446.46,,,,,,,,,,,,,,,,,,,,,,,,,,,,,,,,,,,,
Bridgeport,Connecticut,,,854.13,5594.29,4755.43,,,1692.99,124.65,90.03,,,,,,,,,,,,,,,,,,,,,,,,,,,,,,,,,,,,,
Endicott,New-York,,,76.84,764.28,722.63,,,118.50,,,,,,53.22,,,,,,,,,,,,,,,,,,,,,,,,,,,,,,,,,
Newark,Delaware,304.04,254.54,49.50,,,,,,,,,,,,,,,,,,,,,,,,,,,,,,,,,,,,,,,,,,,,
Peoria,Illinois,1737.59,1597.57,140.01,,,,,,,,,,,,,,,,,,,,,,,,,,,,,,,,,,,,,,,,,,,,
Olympia,Washington,2717.11,2652.36,693.32,,,,,628.55,,,,,,,,,,,,,,,,,,,,,,,,,,,,,,,,,,,,,,,
Somerton,Arizona,1234.63,1136.70,97.92,,,,,,,,,,,,,,,,,,,,,,,,,,,,,,,,,,,,,,,,,,,,
Cleveland,Tennessee,2665.22,2613.18,52.04,,,,,,,,,,,,,,,,,,,,,,,,,,,,,,,,,,,,,,,,,,,,
Guymon,Oklahoma,2436.25,2119.32,316.93,,,5.18,20.46,,,,15.28,,,,,,,,,,,,,,,,,,,,,,,,,,,,,,,,,,,,
Lemon-Grove,California,1057.92,1034.13,23.80,,,,,,,,,,,,,,,,,,,,,,,,,,,,,,,,,,,,,,,,,,,,
Omaha,Nebraska,2873.07,2811.32,506.68,,,,8.13,444.92,,,8.13,,,11.20,11.15,,,,,,,,,,,,,,,,,,,,,,,,,,,,,,,,
Edinburg,Texas,969.47,918.94,50.53,,,,,,,,,,,,,,,,,,,,,,,,,,,,,,,,,,,,,,,,,,,,
North-Platte,Nebraska,1609.42,1450.99,1001.69,,,,,843.27,,,,,,,,,,,,,,,,,,,,,,,,,,,,,,,,,,,,,,,
Encinitas,California,1035.43,969.56,65.88,,,,,,,,,,,,,,,,,,,,,,,,,,,,,,,,,,,,,,,,,,,,
Clarkston,Georgia,,,,81.03,51.99,,,29.04,,,,,,,,,,,,,,,,,,,,,,,,,,,,,,,,,,,,,,,
Batesville,Mississippi,464.39,366.72,97.67,,,,,,,,,,,,,,,,,,,,,,,,,,,,,,,,,,,,,,,,,,,,
Hayward,Wisconsin,,,102.12,848.98,713.11,,,237.99,,,,,,,,,,,,,,,,,,,,,,,,,,,,,,,,,,,,,,,
Fairview,Tennessee,206.43,188.61,17.82,,,,,,,,,,,,,,,,,,,,,,,,,,,,,,,,,,,,,,,,,,,,
San-Antonio,Texas,,,469.84,7394.93,7201.84,4.40,135.37,753.02,232.67,103.41,151.00,20.03,,,,,,,,,,,,,,,,,,,,,,,,,,,,,,,,,,,
Lowell,Massachusetts,,,176.48,2190.01,2155.82,,,210.67,,,,,,162.26,116.47,,,,,,,,,,,,,,,,,,,,,,,,,,,,,,,,
Chesapeake-City,Maryland,1978.29,1879.88,96.96,,,,,,,,,,,,,,,,,,,,,,,,,,,,,,,,,,,,,,,,,,,,
Brady,Texas,190.87,166.54,24.33,,,,,,,,,,,,,,,,,,,,,,,,,,,,,,,,,,,,,,,,,,,,
Idaho-Falls,Idaho,466.26,463.62,2.64,,,,,,,,,,,,,,,,,,,,,,,,,,,,,,,,,,,,,,,,,,,,
Fall-River,Massachusetts,2777.81,2674.70,169.62,,,,,66.51,,,,,,186.69,156.57,,,,,,,,,,,,,,,,,,,,,,,,,,,,,,,,
Ontario,California,,,245.08,2166.79,2079.00,0.27,261.88,332.88,,,261.61,,,,,,,,,,,,,,,,,,,,,,,,,,,,,,,,,,,,
Tupelo,Mississippi,2556.48,2503.24,183.62,,,,,130.40,,,,,,,,,,,,,,,,,,,,,,,,,,,,,,,,,,,,,,,
Christopher,Illinois,25.03,11.78,13.62,,,,,,,,,,,,,,,,,,,,,,,,,,,,,,,,,,,,,,,,,,,,
Arnolds-Park,Iowa,10460.78,9942.88,517.90,,,,,,,,,,,,,,,,,,,,,,,,,,,,,,,,,,,,,,,,,,,,
Cheyenne,Wyoming,,,188.59,1299.88,1291.60,,,196.89,,,,,,,,,,,,,,,,,,,,,,,,,,,,,,,,,,,,,,,
Cookeville,Tennessee,2644.15,2370.80,273.35,,,,,,,,,,,,,,,,,,,,,,,,,,,,,,,,,,,,,,,,,,,,
Bristol,Connecticut,1363.29,1231.54,576.86,,,,,445.73,,,,,,263.57,123.44,,,,,,,,,,,,,,,,,,,,,,,,,,,,,,,,
Warwick,Rhode-Island,1797.01,1653.44,198.63,,,,,55.06,,,,,,,,,,,,,,,,,,,,,,,,,,,,,,,,,,,,,,,
Yuma,Arizona,,,,,246.17,,,,,,,,,,,,246.17,,,,,,,,,,,,,,,,,,,,,,,,,,,,,,
Freehold,New-Jersey,609.31,493.15,116.16,,,,,,,,,,,,,,,,,,,,,,,,,,,,,,,,,,,,,,,,,,,,
Vienna,Virginia,874.61,695.24,179.38,,,,,,,,,,,,,,,,,,,,,,,,,,,,,,,,,,,,,,,,,,,,
Indianapolis,Indiana,7060.92,6863.63,475.16,,,,189.40,277.86,157.58,58.42,189.40,,,,,,,2713.27,1432.38,839.78,626.80,626.80,517.30,303.82,145.51,134.19,126.56,115.88,60.64,60.64,48.14,29.79,20.24,16.95,15.87,5.13,2.74,0.76,,,,,,,,,
Alpine,Texas,464.56,417.42,47.14,,,,,,,,,,,,,,,,,,,,,,,,,,,,,,,,,,,,,,,,,,,,
Levelland,Texas,956.97,892.02,64.95,,,,,,,,,,,,,,,,,,,,,,,,,,,,,,,,,,,,,,,,,,,,
Texico,New-Mexico,,,,114.34,114.34,,,,,,,,,,,,,,,,,,,,,,,,,,,,,,,,,,,,,,,,,,
East-Providence,Rhode-Island,1807.59,1708.77,98.83,,,,,,,,,,,,,,,,,,,,,,,,,,,,,,,,,,,,,,,,,,,,
Redmond,Oregon,2514.20,2484.87,150.37,,,,,121.03,,,,,,,,,,,,,,,,,,,,,,,,,,,,,,,,,,,,,,,
Albany,New-York,,597.45,156.49,,753.94,231.03,,,,,1600.04,,1831.07,462.33,402.73,,,,,,,,,,,,,,,,,,,,,,,,,,,,,,,,
Santa-Fe-Springs,California,,,70.28,708.39,387.86,,,390.81,,,,,,,,,,,,,,,,,,,,,,,,,,,,,,,,,,,,,,,
Charleston,South-Carolina,191.19,,191.19,,,,,,,,,,,,,,,,,,,,,,,,,,,,,,,,,,,,,,,,,,,,
Toledo,Ohio,1943.08,1866.99,207.28,,,,43.28,131.19,,,43.28,,,,,,,,,,,,,,,,,,,,,,,,,,,,,,,,,,,,
Collegeville,Pennsylvania,,,4.64,95.09,7.34,,,92.39,,,,,,,,,,,,,,,,,,,,,,,,,,,,,,,,,,,,,,,
Ashland,Kentucky,,692.25,43.28,,735.23,,6303.73,0.30,,,,,,,,6303.73,,,,,,,,,,,,,,,,,,,,,,,,,,,,,,,
Atascadero,California,1380.55,1353.78,26.77,,,,,,,,,,,,,,,,,,,,,,,,,,,,,,,,,,,,,,,,,,,,
Boston,Massachusetts,2748.91,2747.84,227.77,,,,,226.70,,,,,,36.10,,,,,,,,,,,,,,,,,,,,,,,,,,,,,,,,,
College-Station,Texas,,,115.60,1568.69,1086.31,212.24,1279.35,597.98,,,1295.53,228.41,,,,,,,,,,,,,,,,,,,,,,,,,,,,,,,,,,,
Mitchell,South-Dakota,1736.21,1713.63,263.09,,,,72.71,240.58,,,72.71,,,,,,,,,,,,,,,,,,,,,,,,,,,,,,,,,,,,
Rowlett,Texas,,,147.31,1478.42,1463.42,,,162.31,,,,,,,,,,,,,,,,,,,,,,,,,,,,,,,,,,,,,,,
Pittsfield,Massachusetts,,,225.02,2937.00,2500.24,,,661.81,662.26,340.40,,,,,,,,,,,,,,,,,,,,,,,,,,,,,,,,,,,,,
Dover,Delaware,967.88,919.12,48.76,,,,,,,,,,,,,,,,,,,,,,,,,,,,,,,,,,,,,,,,,,,,
Myrtle-Beach,South-Carolina,,,580.60,6267.27,6136.19,,,711.69,,,,,,,,,,,,,,,,,,,,,,,,,,,,,,,,,,,,,,,
Stamford,Connecticut,,,530.43,4363.79,4285.58,,,608.63,,,,,,,,,,,,,,,,,,,,,,,,,,,,,,,,,,,,,,,
Hayward,California,1029.26,973.25,61.52,,,1.35,355.80,5.51,,,354.45,,,,,,,,,,,,,,,,,,,,,,,,,,,,,,,,,,,,
El-Centro,California,,,2267.18,9051.25,5564.94,,,5753.49,,,,,,,,,,,,,,,,,,,,,,,,,,,,,,,,,,,,,,,
Madisonville,Tennessee,876.45,824.07,52.38,,,,,,,,,,,,,,,,,,,,,,,,,,,,,,,,,,,,,,,,,,,,
Florence,South-Carolina,,,239.55,5239.65,4975.99,,,503.23,,,,,,,,,,,,,,,,,,,,,,,,,,,,,,,,,,,,,,,
Suwanee,Georgia,827.33,773.95,657.72,,,,,604.34,,,,,,,,,,,,,,,,,,,,,,,,,,,,,,,,,,,,,,,
Burlington,Iowa,,,241.82,2439.32,2319.14,,,362.04,,,,,,,,,,,,,,,,,,,,,,,,,,,,,,,,,,,,,,,
Erie,Pennsylvania,1874.25,1832.21,152.19,,,,,110.15,,,,,,,,,,,,,,,,,,,,,,,,,,,,,,,,,,,,,,,
Sayre,Oklahoma,3714.44,3655.37,59.07,,,,,,,,,,,,,,,,,,,,,,,,,,,,,,,,,,,,,,,,,,,,
Ambler,Pennsylvania,,,575.41,1024.65,972.27,,,627.79,,,,,,,,,,,,,,,,,,,,,,,,,,,,,,,,,,,,,,,
Superior,Wisconsin,,,317.40,1725.26,1717.44,,,325.21,,,,,,,,,,,,,,,,,,,,,,,,,,,,,,,,,,,,,,,
Woodstock,Virginia,,,232.60,3830.73,3546.98,,,516.36,,,,,,,,,,,,,,,,,,,,,,,,,,,,,,,,,,,,,,,
Meadville,Pennsylvania,4544.61,3002.53,1542.16,,,,,,,,,,,,,,,,,,,,,,,,,,,,,,,,,,,,,,,,,,,,
Zanesville,Ohio,159.47,147.35,12.12,,,,,,,,,,,,,,,,,,,,,,,,,,,,,,,,,,,,,,,,,,,,
Show-Low,Arizona,1699.79,1552.09,147.70,,,,,,,,,,,,,,,,,,,,,,,,,,,,,,,,,,,,,,,,,,,,
Independence,Kentucky,248.38,208.27,40.11,,,,,,,,,,,,,,,,,,,,,,,,,,,,,,,,,,,,,,,,,,,,
Elmira,New-York,1118.43,983.03,135.40,,,,,,,,,,,261.85,147.85,,,,,,,,,,,,,,,,,,,,,,,,,,,,,,,,
Hattiesburg,Mississippi,,,174.50,2346.99,2325.69,21.80,543.03,,,,521.23,,,,,,,,,,,,,,,,,,,,,,,,,,,,,,,,,,,,
San-Francisco,California,,,2770.40,20740.86,16225.80,,,6279.63,,,,,,,,,,,,,,,,,,,,,,,,,,,,,,,,,,,,,,,
Concord,New-Hampshire,1057.56,858.73,198.82,,,,,,,,,,,,,,,,,,,,,,,,,,,,,,,,,,,,,,,,,,,,
Marion,Arkansas,,1824.37,130.14,,542.97,749.39,,1411.45,,,14335.50,,15084.97,,,,,,,,,,,,,,,,,,,,,,,,,,,,,,,,,,
Sheridan,Wyoming,,,56.24,1105.24,847.32,,,314.16,,,,,,,,,,,,,,,,,,,,,,,,,,,,,,,,,,,,,,,
Winston-Salem,North-Carolina,,,270.02,3487.93,3161.94,,,596.02,,,,,,,,,,,,,,,,,,,,,,,,,,,,,,,,,,,,,,,
Huntley,Illinois,1425.55,523.17,1016.78,,,,381.48,114.37,,,381.48,,,,,,,,,,,,,,,,,,,,,,,,,,,,,,,,,,,,
Wilkes-Barre,Pennsylvania,,,874.82,1791.44,1653.41,,,1012.85,,,,,,,,,,,,,,,,,,,,,,,,,,,,,,,,,,,,,,,
London,Kentucky,1154.56,1055.16,99.65,,,,,,87.88,41.40,,,,,,,,,,,,,,,,,,,,,,,,,,,,,,,,,,,,,
Barnesville,Ohio,529.51,529.51,,,,1.50,84.04,,,,82.54,,,,,,,,,,,,,,,,,,,,,,,,,,,,,,,,,,,,
Menasha,Wisconsin,,,1118.28,3642.98,3247.75,,,1513.57,,,,,,,,,,,,,,,,,,,,,,,,,,,,,,,,,,,,,,,
Defiance,Ohio,2539.56,2424.55,210.77,,,,,95.77,,,,,,140.07,132.56,,,,,,,,,,,,,,,,,,,,,,,,,,,,,,,,
Hazleton,Pennsylvania,338.15,298.58,39.57,,,,,,,,,,,,,,,,,,,,,,,,,,,,,,,,,,,,,,,,,,,,
West-Columbia,South-Carolina,,,175.24,2545.06,2442.49,90.40,2086.40,277.81,,,1996.00,,,,,,,,,,,,,,,,,,,,,,,,,,,,,,,,,,,,
Lima,Ohio,3031.40,3020.62,133.28,,,,,122.53,120.27,102.68,,,,,,,,,,,,,,,,,,,,,,,,,,,,,,,,,,,,,
Elizabeth-City,North-Carolina,270.29,246.18,60.73,,,,,36.62,,,,,,,,,,,,,,,,,,,,,,,,,,,,,,,,,,,,,,,
Cotati,California,1090.42,1036.44,53.98,,,,,,,,,,,,,,,,,,,,,,,,,,,,,,,,,,,,,,,,,,,,
Cleveland,Ohio,6322.39,6000.53,994.91,,,,,673.04,,,,,,,,,,,,,,,,,,,,,,,,,,,,,,,,,,,,,,,
Spokane-Valley,Washington,210.22,192.46,17.87,,,,,0.11,,,,,,,,,,,,93.31,,,,,,,,,,,,,,,,,,,93.31,,,,,,,,
Redwood-City,California,1099.45,966.42,206.35,,,21.06,171.72,73.32,,,150.65,,,,,,,,,,,,,,,,,,,,,,,,,,,,,,,,,,,,
Durant,Oklahoma,1794.84,1564.02,230.81,,,6.69,62.60,,,,55.91,,,,,,,,,,,,,,,,,,,,,,,,,,,,,,,,,,,,
Starkville,Mississippi,966.05,856.78,109.27,,,,,,,,,,,,,,,,,,,,,,,,,,,,,,,,,,,,,,,,,,,,
Baton-Rouge,Louisiana,8154.39,8002.94,186.15,,,140.00,2584.35,34.70,,,2444.34,,,5.31,5.18,,,,,,,,,,,,,,,,,,,,,,,,,,,,,,,,
Benton-City,Washington,,,51.22,680.40,624.03,,,107.58,,,,,,,,,,,,,,,,,,,,,,,,,,,,,,,,,,,,,,,
East-Chicago,Indiana,,,33.43,3264.05,2788.80,,,508.68,,,,,,,,,,,,,,,,,,,,,,,,,,,,,,,,,,,,,,,
Orlando,Florida,4319.30,3256.39,1881.24,,,,,818.33,,,,,,,,,,,,,,,,,,,,,,,,,,,,,,,,,,,,,,,
Hot-Springs,Arkansas,,,776.17,2768.77,2618.32,,,926.64,,,,,,,,,,,,,,,,,,,,,,,,,,,,,,,,,,,,,,,
Dupont,Pennsylvania,131.20,112.19,21.62,,,,,2.24,,,,,,,,,,,,,,,,,,,,,,,,,,,,,,,,,,,,,,,
Rockford,Michigan,450.95,359.26,91.69,,,,,,,,,,,,,,,,,,,,,,,,,,,,,,,,,,,,,,,,,,,,
Warren,Arkansas,25.95,17.72,8.23,,,,,,44.57,36.69,,,,,,,,,,,,,,,,,,,,,,,,,,,,,,,,,,,,,
Tustin,California,2149.03,1985.82,163.21,,,,,,,,,,,,,,,,,,,,,,,,,,,,,,,,,,,,,,,,,,,,
Russell-Springs,Kentucky,1071.27,1029.95,78.09,,,,,36.77,,,,,,,,,,,,,,,,,,,,,,,,,,,,,,,,,,,,,,,
Hurley,New-Mexico,150.51,141.16,9.35,,,,,,,,,,,,,,,,,,,,,,,,,,,,,,,,,,,,,,,,,,,,
Santa-Barbara,California,3314.07,3193.47,120.61,,,,,,,,,,,,,,,,,,,,,,,,,,,,,,,,,,,,,,,,,,,,
Eugene,Oregon,,,245.86,1764.69,1758.47,,,252.08,,,,,,,,,,,,,,,,,,,,,,,,,,,,,,,,,,,,,,,
Dumas,Texas,1626.53,1542.27,84.26,,,,,,,,,,,,,,,,,,,,,,,,,,,,,,,,,,,,,,,,,,,,
Hamilton,Texas,1977.42,1840.97,136.45,,,,,,,,,,,,,,,,,,,,,,,,,,,,,,,,,,,,,,,,,,,,
Tyler,Texas,518.95,488.62,30.33,,,,,,,,,,,,,,,,,,,,,,,,,,,,,,,,,,,,,,,,,,,,
Prescott,Arizona,2233.10,2111.47,217.07,,,,,95.44,,,,,,,,,,,,,,,,,,,,,,,,,,,,,,,,,,,,,,,
San-Jacinto,California,580.66,532.81,47.85,,,,,,,,,,,,,,,,,,,,,,,,,,,,,,,,,,,,,,,,,,,,
Little-Rock,Arkansas,2505.23,2488.29,410.78,,,13.82,499.23,393.85,,,485.41,,,,,,,,,,,,,,,,,,,,,,,,,,,,,,,,,,,,
Grants-Pass,Oregon,,,59.71,593.14,206.94,,,445.90,,,,,,,,,,,,,,,,,,,,,,,,,,,,,,,,,,,,,,,
Tampa,Florida,,1699.63,98.31,,1828.94,28.10,2362.36,50.04,,,,288.60,,,,2622.86,,,,,,,,,,,,,,,,,,,,,,,,,,,,,,,
Victoria,Texas,2421.17,2216.81,341.10,,,24.57,24.57,136.74,,,,,,,,,,,,,,,,,,,,,,,,,,,,,,,,,,,,,,,
Lewiston,Idaho,65.57,53.98,11.59,,,,,,,,,,,,,,,,,,,,,,,,,,,,,,,,,,,,,,,,,,,,
Pawtucket,Rhode-Island,,,139.40,2475.51,2328.01,,,286.89,,,,,,311.58,282.87,,,,,,,,,,,,,,,,,,,,,,,,,,,,,,,,
Saginaw,Michigan,1116.74,1030.14,93.80,,,20.78,189.13,7.15,,,168.35,,,,,,,,,,,,,,,,,,,,,,,,,,,,,,,,,,,,
Schaumburg,Illinois,7030.51,6790.06,348.72,,,9.22,90.39,108.28,,,81.17,,,,,,,,,,,,,,,,,,,,,,,,,,,,,,,,,,,,
Wilmington,North-Carolina,,,90.71,1555.83,1501.00,,,145.54,,,,,,,,,,,,,,,,,,,,,,,,,,,,,,,,,,,,,,,
Texline,Texas,,,,599.26,519.48,,,79.78,115.03,72.36,,,,,,,,,,,,,,,,,,,,,,,,,,,,,,,,,,,,,
Kalispell,Montana,,,124.16,988.97,765.93,,,347.20,,,,,,,,,,,,,,,,,,,,,,,,,,,,,,,,,,,,,,,
Austin,Texas,5301.01,4235.22,1065.79,,,15.12,209.72,,,,194.60,,,,,,,,,,,,,,,,,,,,,,,,,,,,,,,,,,,,
Milledgeville,Georgia,330.14,282.83,47.32,,,,,,,,,,,,,,,,,,,,,,,,,,,,,,,,,,,,,,,,,,,,
Hopatcong,New-Jersey,3052.23,2664.53,1479.98,,,,,1092.27,,,,,,388.41,316.93,,,,,,,,,,,,,,,,,,,,,,,,,,,,,,,,
Atlantic-Highlands,New-Jersey,4317.40,3997.70,319.70,,,,,,,,,,,,,,,,,,,,,,,,,,,,,,,,,,,,,,,,,,,,
Portage,Michigan,1365.76,1192.54,173.22,,,,,,,,,,,,,,,,,,,,,,,,,,,,,,,,,,,,,,,,,,,,
Joplin,Missouri,737.38,654.75,87.70,,,,,5.05,,,,,,,,,,,,,,,,,,,,,,,,,,,,,,,,,,,,,,,
Des-Moines,Iowa,2477.72,2439.28,617.59,,,,,580.39,,,,,,,,,,,,,,,,,,,,,,,,,,,,,,,,,,,,,,,
San-Jose,California,,,747.98,2593.45,2346.64,,439.21,634.27,,,938.09,,,,,,,,,,,,,,,,,,,,,,,,,,,,,,,,,,,,
Tulsa,Oklahoma,3175.75,2994.41,508.82,,,,374.87,327.48,,,383.26,8.39,,,,,,,,,,,,,,,,,,,,,,,,,,,,,,,,,,,
Amarillo,Texas,1786.65,1691.38,95.27,,,,52.49,,,,52.49,,,,,,,,,,,,,,,,,,,,,,,,,,,,,,,,,,,,
Cary,Illinois,401.95,347.60,54.35,,,,,,,,,,,,,,,,,,,,,,,,,,,,,,,,,,,,,,,,,,,,
Waukegan,Illinois,4164.90,4106.20,588.37,,,14.60,244.00,529.68,,,229.39,,,,,,,,,,,,,,,,,,,,,,,,,,,,,,,,,,,,
Lady-Lake,Florida,88.51,32.08,59.18,,,,,,,,,,,,,,,,,,,,,,,,,,,,,,,,,,,,,,,,,,,,
Bemidji,Minnesota,4061.49,3883.63,3249.00,,,,,3071.14,,,,,,,,,,,,,,,,,,,,,,,,,,,,,,,,,,,,,,,
Newport,Rhode-Island,7052.68,6628.01,424.67,,,,,,,,,,,,,,,,,,,,,,,,,,,,,,,,,,,,,,,,,,,,
Madison,Indiana,,,,1568.16,1568.16,,,,,,,,,,,,,,,,,,,,,,,,,,,,,,,,,,,,,,,,,,
Fort-Stockton,Texas,1756.92,1642.92,114.00,,,,,,,,,,,,,,,,,,,,,,,,,,,,,,,,,,,,,,,,,,,,
Hobbs,New-Mexico,713.68,672.06,41.62,,,,306.07,,,,306.07,,,,,,,,,,,,,,,,,,,,,,,,,,,,,,,,,,,,
Marshall,Minnesota,,,1232.67,6770.22,6719.43,,,1283.46,,,,,,,,,,,,,,,,,,,,,,,,,,,,,,,,,,,,,,,
Denison,Iowa,1417.76,1264.92,247.82,,,,,94.98,,,,,,,,,,,,,,,,,,,,,,,,,,,,,,,,,,,,,,,
Fort-Pierce,Florida,3073.88,1975.95,238.29,,,,200.38,76.68,,,200.38,,,,,,,,,,,,,,,,,,,,,,,,,,,,,,,,,,,,
Spartanburg,South-Carolina,5017.35,4985.64,1384.15,,,39.52,135.97,1352.44,,,164.63,68.18,,,,,,,,,,,,,,,,,,,,,,,,,,,,,,,,,,,
Decorah,Iowa,810.59,638.20,172.39,,,,,,,,,,,,,,,,,,,,,,,,,,,,,,,,,,,,,,,,,,,,
Mountain-Home,Arkansas,,270.35,91.02,,361.37,,,,,,511.42,,511.42,,,,,,,,,,,,,,,,,,,,,,,,,,,,,,,,,,
Clarksville,Indiana,2805.13,2624.87,180.30,,,,,,9.00,4.45,,,,,,,,,,,,,,,,,,,,,,,,,,,,,,,,,,,,,
Florence,Alabama,2376.40,2194.82,915.46,,,,,733.88,,,,,,,,,,,,,,,,,,,,,,,,,,,,,,,,,,,,,,,
Bristol,Virginia,,,4333.55,6513.12,6367.80,,,4478.88,,,,,,,,,,,,,,,,,,,,,,,,,,,,,,,,,,,,,,,
Holyoke,Massachusetts,,,131.52,2000.60,1903.56,,,228.58,259.24,87.72,,,,,,,,,,,,,,,,,,,,,,,,,,,,,,,,,,,,,
Fort-Smith,Arkansas,,2906.04,213.79,,3119.83,2059.90,,,,,3297.19,,5357.09,,,,,,,,,,,,,,,,,,,,,,,,,,,,,,,,,,
Paducah,Kentucky,7249.55,6926.40,328.25,,,,,5.11,,,,,,,,,,,,,,,,,,,,,,,,,,,,,,,,,,,,,,,
Wallington,New-Jersey,764.51,726.14,38.36,,,,,,,,,,,,,,,,,,,,,,,,,,,,,,,,,,,,,,,,,,,,
Walnut,California,1031.94,967.09,64.85,,,,,,,,,,,,,,,,,,,,,,,,,,,,,,,,,,,,,,,,,,,,
Aberdeen,Washington,950.29,880.34,126.82,,,,,56.88,,,,,,,,,,,,,,,,,,,,,,,,,,,,,,,,,,,,,,,
Markham,Illinois,3217.15,3068.54,148.61,,,,,,,,,,,,,,,,,,,,,,,,,,,,,,,,,,,,,,,,,,,,
Carthage,Missouri,2138.55,1951.04,187.51,,,,,,,,,,,,,,,,,,,,,,,,,,,,,,,,,,,,,,,,,,,,
Phoenix,Arizona,,,695.29,3463.64,3440.66,10.09,1154.47,649.86,,,1144.38,,,,,,,,,,,,,,,,,,,,,,,,,,,,,,,,,,,,
Kingman,Arizona,1093.41,1007.35,86.06,,,,,,,,,,,,,,,,,,,,,,,,,,,,,,,,,,,,,,,,,,,,
Durham,North-Carolina,,,242.82,1533.89,1179.94,,11.23,596.78,,,49.79,38.56,,,,,,,,,,,,,,,,,,,,,,,,,,,,,,,,,,,
Las-Vegas,New-Mexico,1284.46,1153.19,148.23,,,,1253.66,16.95,52.71,50.39,1253.66,,,,,,,,,,,,,,,,,,,,,,,,,,,,,,,,,,,,
Key-West,Florida,883.70,763.99,73.56,,,,,,,,,,,,,,,,,,,,,,,,,,,,,,,,,,,,,,,,,,,,
Corpus-Christi,Texas,4937.46,4632.24,589.01,,,11.95,187.28,283.79,,,175.33,,,,,,,,,,,,,,,,,,,,,,,,,,,,,,,,,,,,
El-Dorado,Arkansas,748.40,709.31,39.09,,,,,,,,,,,,,,,,,,,,,,,,,,,,,,,,,,,,,,,,,,,,
Spencer,Iowa,4119.98,4071.49,577.98,,,,,529.58,,,,,,,,,,,,,,,,,,,,,,,,,,,,,,,,,,,,,,,
Twentynine-Palms,California,452.35,441.64,10.70,,,,,,,,,,,,,,,,,,,,,,,,,,,,,,,,,,,,,,,,,,,,
Felton,Delaware,168.32,157.71,10.61,,,,,,,,,,,,,,,,,,,,,,,,,,,,,,,,,,,,,,,,,,,,
Wichita-Falls,Texas,1785.67,1655.72,129.94,,,,,,,,,,,,,,,,,,,,,,,,,,,,,,,,,,,,,,,,,,,,
West-Chicago,Illinois,,,76.82,1434.89,1391.63,96.96,503.54,120.08,,,406.59,,,,,,,,,,,,,,,,,,,,,,,,,,,,,,,,,,,,
Corbin,Kentucky,,,93.86,5239.10,4548.46,,,784.50,39.57,,,,,,,,,,,,,,,,,,,,,,,,,,,,,,,,,,,,,,
Kennewick,Washington,971.82,880.09,187.44,,,,,95.71,,,,,,,,,,,,,,,,,,,,,,,,,,,,,,,,,,,,,,,
Vallejo,California,880.87,820.01,63.98,,,7.35,223.79,3.12,,,216.44,,,,,,,,,,,,,,,,,,,,,,,,,,,,,,,,,,,,
Wenatchee,Washington,1112.72,1028.03,85.68,,,,,1.02,,,,,,,,,,,,,,,,,,,,,,,,,,,,,,,,,,,,,,,
Sachse,Texas,1587.96,1551.49,36.47,,,,,,,,,,,,,,,,,,,,,,,,,,,,,,,,,,,,,,,,,,,,
Union-City,Tennessee,1225.08,1138.89,86.20,,,,,,,,,,,,,,,,,,,,,,,,,,,,,,,,,,,,,,,,,,,,
Crockett,Texas,1031.48,334.06,697.42,,,,,,,,,,,,,,,,,,,,,,,,,,,,,,,,,,,,,,,,,,,,
Coldwater,Michigan,3116.09,3003.27,212.53,,,,,99.80,,,,,,,,,,,,,,,,,,,,,,,,,,,,,,,,,,,,,,,
West-Palm-Beach,Florida,,,288.86,4438.51,4038.44,,,1225.14,,,,,,,,,,,,,,,,,,,,,,,,,,,,,,,,,,,,,,,
Moses-Lake,Washington,1243.63,1068.63,207.51,,,,,32.51,,,,,,,,,,,,,,,,,,,,,,,,,,,,,,,,,,,,,,,
Tallulah,Louisiana,3805.73,3651.07,154.67,,,,,,,,,,,,,,,,,,,,,,,,,,,,,,,,,,,,,,,,,,,,
Gary,Indiana,,,,1026.19,1026.19,4.74,90.81,,6.41,,86.07,,,,,,,,,,,,,,,,,,,,,,,,,,,,,,,,,,,,
Stratford,Texas,491.98,429.27,62.71,,,,,,,,,,,,,,,,,,,,,,,,,,,,,,,,,,,,,,,,,,,,
Fargo,North-Dakota,,,967.42,5716.98,5494.52,,885.52,1189.87,,,885.52,,,,,,,,,,,,,,,,,,,,,,,,,,,,,,,,,,,,
Dickinson,North-Dakota,3706.52,3340.68,425.45,,,,,59.61,,,,,,,,,,,,,,,,,,,,,,,,,,,,,,,,,,,,,,,
Boone,North-Carolina,,,1650.28,1650.28,1650.28,,,1650.28,,,,,,,,,,,,,,,,,,,,,,,,,,,,,,,,,,,,,,,
Eden,Texas,,,,957.50,957.50,,,,,,,,,,,,,,,,,,,,,,,,,,,,,,,,,,,,,,,,,,
Columbia,Missouri,2954.25,2857.53,341.70,,,1.19,9.92,244.98,,,8.73,,,,,,,,,,,,,,,,,,,,,,,,,,,,,,,,,,,,
Convoy,Ohio,,,,512.75,512.75,,,,,,,,,,,,,,,,,,,,,,,,,,,,,,,,,,,,,,,,,,
South-San-Francisco,California,702.58,617.28,85.29,,,,96.18,,,,96.18,,,,,,,,,,,,,,,,,,,,,,,,,,,,,,,,,,,,
Green-Bay,Wisconsin,2510.49,2496.94,483.25,,,,,469.70,,,,,,,,,,,,,,,,,,,,,,,,,,,,,,,,,,,,,,,
Rockwall,Texas,2725.64,2467.49,258.15,,,,,,,,,,,,,,,,,,,,,,,,,,,,,,,,,,,,,,,,,,,,
Stockton,California,2880.69,2695.62,185.07,,,9.22,285.15,,,,275.93,,,,,,,,,,,,,,,,,,,,,,,,,,,,,,,,,,,,
Pensacola,Florida,3815.44,2977.03,1344.11,,,,,505.69,,,,,,,,,,,,,,,,,,,,,,,,,,,,,,,,,,,,,,,
Palm-Springs,California,4600.79,4357.06,480.65,,,,,236.92,,,,,,,,,,,,,,,,,,,,,,,,,,,,,,,,,,,,,,,
Ames,Iowa,3345.91,3257.58,310.48,,,,,222.16,,,,,,,,,,,,,,,,,,,,,,,,,,,,,,,,,,,,,,,
Poplar-Bluff,Missouri,974.61,930.51,44.10,,,,,,,,,,,,,,,,,,,,,,,,,,,,,,,,,,,,,,,,,,,,
Bowling-Green,Kentucky,1273.95,1177.18,146.82,,,,,50.05,,,,,,,,,,,,,,,,,,,,,,,,,,,,,,,,,,,,,,,
Pocola,Oklahoma,166.46,138.80,27.66,,,,,,,,,,,,,,,,,,,,,,,,,,,,,,,,,,,,,,,,,,,,
Pendleton,Oregon,,,156.29,2428.08,1992.55,,,591.76,,,,,,,,,,,,,,,,,,,,,,,,,,,,,,,,,,,,,,,
Rogers,Arkansas,1712.85,1441.12,271.74,,,,,,,,,,,,,,,,,,,,,,,,,,,,,,,,,,,,,,,,,,,,
Grand-Rapids,Michigan,2648.32,2611.51,267.33,,,11.25,738.66,230.51,,,727.42,,,,,,,,,,,,,,,,,,,,,,,,,,,,,,,,,,,,
Weatherford,Oklahoma,1295.25,1153.87,156.20,,,,,14.90,,,,,,,,,,,,,,,,,,,,,,,,,,,,,,,,,,,,,,,
Gruver,Texas,103.08,59.03,44.05,,,,,,,,,,,,,,,,,,,,,,,,,,,,,,,,,,,,,,,,,,,,
New-London,Connecticut,1669.34,1500.30,169.04,,,,,,,,,,,,,,,,,,,,,,,,,,,,,,,,,,,,,,,,,,,,
Gladstone,Missouri,,,263.89,1430.86,1308.96,36.45,214.52,385.79,,,196.81,18.73,,,,,,,,,,,,,,,,,,,,,,,,,,,,,,,,,,,
Columbia,Louisiana,2418.03,2366.12,51.91,,,,,,,,,,,,,,,,,,,,,,,,,,,,,,,,,,,,,,,,,,,,
Lancaster,California,1480.86,1464.46,526.90,,,,18.37,510.50,,,18.37,,,,,,,,,,,,,,,,,,,,,,,,,,,,,,,,,,,,
Willmar,Minnesota,2745.18,2468.57,388.44,,,220.04,2368.46,111.88,,,2475.51,327.09,,,,,,,,,,,,,,,,,,,,,,,,,,,,,,,,,,,
Louisville,Kentucky,,1841.08,341.88,,1936.99,40.37,3453.21,182.18,,,3439.51,,7787.98,,,,,,,,,,,,,,,,,,,,,,,,,,,,,,,,,,
Beaufort,South-Carolina,1360.38,1306.42,102.78,,,,,48.82,,,,,,,,,,,,,,,,,,,,,,,,,,,,,,,,,,,,,,,
Claremont,New-Hampshire,1926.62,1754.02,172.67,,,,,,,,,,,,,,,,,,,,,,,,,,,,,,,,,,,,,,,,,,,,
Robert-Lee,Texas,41.98,36.26,5.73,,,,,,,,,,,,,,,,,,,,,,,,,,,,,,,,,,,,,,,,,,,,
Oklahoma-City,Oklahoma,,,253.19,2975.64,2765.18,,,463.66,54.87,19.88,,,,,,,,,,,,,,,,,,,,,,,,,,,,,,,,,,,,,
South-Sioux-City,Nebraska,,640.57,104.61,,574.60,114.61,2199.16,170.58,76.90,,,221.02,,,,2305.57,,,,,,,,,,,,,,,,,,,,,,,,,,,,,,,
Fairmont,Minnesota,1785.84,1541.87,538.09,,,,299.10,294.12,,,299.10,,,,,,,,,,,,,,,,,,,,,,,,,,,,,,,,,,,,
Killeen,Texas,1667.35,1575.20,92.14,,,,,,,,,,,,,,,,,,,,,,,,,,,,,,,,,,,,,,,,,,,,
Monterey,California,,,94.12,3460.25,3419.44,,,134.93,,,,,,,,,,,,,,,,,,,,,,,,,,,,,,,,,,,,,,,
Port-St.-Lucie,Florida,3997.48,3664.20,802.71,,,,,484.44,,,,,,,,,,,,,,,,,,,,,,,,,,,,,,,,,,,,,,,
Harrisburg,Pennsylvania,2006.82,1763.92,276.02,,,,,33.12,,,,,,,,,,,,,,,,,,,,,,,,,,,,,,,,,,,,,,,
Lafayette,Indiana,2712.37,2708.98,3.39,,,,,,,,,,,3.50,3.39,,,,,,,,,,,,,,,,,,,,,,,,,,,,,,,,
Murphy,North-Carolina,280.02,260.11,19.92,,,,,,,,,,,,,,,,,,,,,,,,,,,,,,,,,,,,,,,,,,,,
Leesburg,Virginia,2501.00,2359.35,151.99,,,,,10.35,,,,,,,,,,,,,,,,,,,,,,,,,,,,,,,,,,,,,,,
Easton,Maryland,1696.30,1526.90,169.40,,,,,,,,,,,,,,,,,,,,,,,,,,,,,,,,,,,,,,,,,,,,
Poughkeepsie,New-York,,,157.79,1835.29,1653.81,3.90,109.85,339.28,563.62,336.16,105.92,,,,,,,,,,,,,,,,,,,,,,,,,,,,,,,,,,,,
Muscatine,Iowa,,,140.62,2182.68,1098.01,,,1225.30,,,,,,,,,,,,,,,,,,,,,,,,,,,,,,,,,,,,,,,
Coffeyville,Kansas,8635.36,8423.07,212.29,,,,646.58,,,,646.58,,,,,,,,,,,,,,,,,,,,,,,,,,,,,,,,,,,,
Lansing,Michigan,4588.72,4382.68,297.87,,,15.52,195.58,91.83,,,180.06,,,,,,,,,,,,,,,,,,,,,,,,,,,,,,,,,,,,
Columbus,Indiana,2337.55,2337.55,,,,,,,,,,,,,,,,,,,,,,,,,,,,,,,,,,,,,,,,,,,,,
Kansas-City,Kansas,7916.88,7112.34,804.54,,,154.23,3090.66,,,,2936.43,,,,,,,,,,,,,,,,,,,,,,,,,,,,,,,,,,,,
Paris,Illinois,1923.96,1833.43,90.53,,,,,,,,,,,,,,,,,,,,,,,,,,,,,,,,,,,,,,,,,,,,
Darlington,South-Carolina,,821.04,303.37,,275.93,,,,,,,,,,,,,,,,,,,,,,,,,,,,,,,,,,,848.32,,,,,,,
Concord,California,679.97,589.13,90.84,,,,,,,,,,,,,,,,,,,,,,,,,,,,,,,,,,,,,,,,,,,,
Torrance,California,424.64,414.82,9.82,,,,,,,,,,,,,,,,,,,,,,,,,,,,,,,,,,,,,,,,,,,,
Sunny-Isles-Beach,Florida,2572.41,2339.71,289.45,,,,,,,,,,,,,,,800.72,1828.67,,,,,,,,,,,,,,,,,,,,1051.70,,23.75,,,,,,
St.-Petersburg,Florida,,,254.55,2236.75,1828.50,80.27,634.25,662.81,,,553.98,,,,,,,,,,,,,,,,,,,,,,,,,,,,,,,,,,,,
Shelbyville,Tennessee,512.60,346.36,166.24,,,,,,,,,,,,,,,,,,,,,,,,,,,,,,,,,,,,,,,,,,,,
Anderson,South-Carolina,3557.63,3423.07,134.56,,,259.79,2911.66,,,,2651.86,,,,,,,,,,,,,,,,,,,,,,,,,,,,,,,,,,,,
Hollywood,Florida,2125.43,1901.97,258.81,,,,,95.80,,,,,,,,,,,,,,,,,,,,,,,,,,,,,,,,,,,,,,,
Marana,Arizona,2127.66,2074.26,53.40,,,,,,,,,,,,,,,,,,,,,,,,,,,,,,,,,,,,,,,,,,,,
Bangs,Texas,1187.30,1068.11,119.19,,,,,,,,,,,,,,,,,,,,,,,,,,,,,,,,,,,,,,,,,,,,
Morehead-City,North-Carolina,,,140.45,1983.78,1838.34,,,285.89,,,,,,,,,,,,,,,,,,,,,,,,,,,,,,,,,,,,,,,
Minot,North-Dakota,2311.89,2018.51,351.10,,,,,57.74,,,,,,,,,,,,,,,,,,,,,,,,,,,,,,,,,,,,,,,
Asheville,North-Carolina,1274.91,1120.04,906.12,,,,,751.25,,,,,,,,,,,,,,,,,,,,,,,,,,,,,,,,,,,,,,,
Bridgeport,Ohio,278.36,210.07,68.29,,,,,,,,,,,,,,,,,,,,,,,,,,,,,,,,,,,,,,,,,,,,
Wilmington,Delaware,4373.20,4223.43,249.75,,,377.62,869.94,99.96,,,492.32,,,,,,,,,,,,,,,,,,,,,,,,,,,,,,,,,,,,
Detroit,Michigan,4758.59,4305.53,558.71,,,,,120.46,,,,,,,,,,,,,,,,,,,,,,,,,,,,,,,,,,,,,,,
Lincoln-Park,Michigan,327.66,318.85,33.45,,,,,24.64,,,,,,,,,,,,,,,,,,,,,,,,,,,,,,,,,,,,,,,
Catasauqua,Pennsylvania,,,737.08,2473.41,743.14,,,2467.34,,,,,,,,,,,,,,,,,,,,,,,,,,,,,,,,,,,,,,,
Raleigh,North-Carolina,3544.53,3363.15,181.38,,,,,,,,,,,,,,,,,,,,,,,,,,,,,,,,,,,,,,,,,,,,
New-Orleans,Louisiana,,,3.01,5788.52,5785.35,18.90,71.94,6.18,,,53.04,,,3.01,2.88,,,,,,,,,,,,,,,,,,,,,,,,,,,,,,,,
Greeneville,Tennessee,,1438.79,36.60,,1475.39,112.69,,,,,1691.36,,1804.04,,,,,,,,,,,,,,,,,,,,,,,,,,,,,,,,,,
Salt-Lake-City,Utah,8261.13,8177.07,196.44,,,,,112.39,,,,,,,,,,,,,,,,,,,,,,,,,,,,,,,,,,,,,,,
Hillsdale,Illinois,162.38,120.79,41.58,,,,,,,,,,,,,,,,,,,,,,,,,,,,,,,,,,,,,,,,,,,,
Lakeland,Florida,5451.27,5428.57,171.74,,,69.29,3359.45,20.06,,,3290.16,,,,,,,,,,,,,,,,,,,,,,,,,,,,,,,,,,,,
Bellingham,Washington,1970.21,1892.71,143.51,,,,,66.02,,,,,,,,,,,,,,,,,,,,,,,,,,,,,,,,,,,,,,,
Elmwood-Park,Illinois,1036.60,997.22,39.42,,,,,,,,,,,,,,,,,,,,,,,,,,,,,,,,,,,,,,,,,,,,
Cave-Junction,Oregon,1360.65,1328.78,31.87,,,,,,,,,,,,,,,,,,,,,,,,,,,,,,,,,,,,,,,,,,,,
Evanston,Illinois,5361.67,5296.52,542.62,,,,,477.47,,,,,,,,,,,,,,,,,,,,,,,,,,,,,,,,,,,,,,,
Duluth,Minnesota,1860.50,1662.90,259.28,,,1.81,20.56,61.69,,,18.76,,,,,,,,,,,,,,,,,,,,,,,,,,,,,,,,,,,,
Crete,Illinois,,,33.15,283.44,257.51,,,59.08,,,,,,,,,,,,,,,,,,,,,,,,,,,,,,,,,,,,,,,
Watertown,South-Dakota,2986.52,2797.65,188.82,,,23.99,116.49,,,,92.50,,,,,,,,,,,,,,,,,,,,,,,,,,,,,,,,,,,,
Decherd,Tennessee,773.94,680.30,93.63,,,,,,,,,,,,,,,,,,,,,,,,,,,,,,,,,,,,,,,,,,,,
Melbourne-Beach,Florida,1213.77,1147.06,66.71,,,,,,,,,,,,,,,,,,,,,,,,,,,,,,,,,,,,,,,,,,,,
Newark,New-Jersey,2485.83,2370.37,178.88,,,23.10,99.67,63.43,,,76.57,,,341.59,324.81,,,,,,,,,,,,,,,,,,,,,,,,,,,,,,,,
Hamlin,Texas,2639.78,2639.78,,,,,,,,,,,,,,,,,,,,,,,,,,,,,,,,,,,,,,,,,,,,,
Cullman,Alabama,10140.08,8477.30,1662.78,,,,,,,,,,,,,,,,,,,,,,,,,,,,,,,,,,,,,,,,,,,,
Newport,Arkansas,242.04,228.12,13.91,,,19.80,238.16,,,,218.22,,,14.72,,,,,,,,,,,,,,,,,,,,,,,,,,,,,,,,,
Canton,Ohio,39.83,34.15,15.67,,,,,9.99,113.56,88.01,,,,,,,,,,,,,,,,,,,,,,,,,,,,,,,,,,,,,
Allentown,Pennsylvania,809.78,780.86,141.55,,,,,112.63,,,,,,,,,,,,,,,,,,,,,,,,,,,,,,,,,,,,,,,
Martinsville,Virginia,1169.03,1051.54,117.49,,,15.21,121.71,,,,106.50,,,,,,,,,,,,,,,,,,,,,,,,,,,,,,,,,,,,
Fort-Worth,Texas,1629.62,1413.59,216.03,,,,,,,,,,,,,,,,,,,,,,,,,,,,,,,,,,,,,,,,,,,,
Millville,New-Jersey,922.68,805.89,116.79,,,,,,,,,,,,,,,,,,,,,,,,,,,,,,,,,,,,,,,,,,,,
Lafayette,Colorado,1100.69,987.94,112.75,,,30.63,30.63,,,,,,,,,,,,,,,,,,,,,,,,,,,,,,,,,,,,,,,,
State-College,Pennsylvania,861.84,804.03,57.80,,,,,,,,,,,,,,,,,,,,,,,,,,,,,,,,,,,,,,,,,,,,
Flagstaff,Arizona,,,356.93,1592.85,1527.41,,,422.36,,,,,,,,,,,,,,,,,,,,,,,,,,,,,,,,,,,,,,,
Newport,North-Carolina,2238.95,2115.23,123.72,,,,,,,,,,,,,,,,,,,,,,,,,,,,,,,,,,,,,,,,,,,,
Astoria,Oregon,,,165.35,4815.68,2968.35,,,2012.68,,,,,,,,,,,,,,,,,,,,,,,,,,,,,,,,,,,,,,,
South-Lake-Tahoe,California,6587.06,6299.00,819.53,,,,,531.42,,,,,,,,,,,,,,,,,,,,,,,,,,,,,,,,,,,,,,,
Jacksonville,Florida,8142.54,7780.20,715.35,,,224.51,1457.54,290.92,9.96,,1233.03,,,,,,,,,,,,,,,,,,,,,,,,,,,,,,,,,,,,
Madison,Wisconsin,,,306.38,2599.49,2506.47,7.41,983.82,399.40,,,976.41,,,,,,,,,,,,,,,,,,,,,,,,,,,,,,,,,,,,
Wynne,Arkansas,81.17,25.68,55.49,,,,,,,,,,,,,,,,,,,,,,,,,,,,,,,,,,,,,,,,,,,,
Waco,Texas,1935.98,1813.49,122.49,,,,,,,,,,,,,,,,,,,,,,,,,,,,,,,,,,,,,,,,,,,,
Florence,Kentucky,555.39,516.45,38.93,,,,,,,,,,,,,,,,,,,,,,,,,,,,,,,,,,,,,,,,,,,,
Williamsport,Pennsylvania,,766.20,,,799.51,,,847.19,,,,,,,,,880.51,,,,,,,,,,,,,,,,,,,,,,,,,,,,,,
Greencastle,Indiana,,,,108.86,108.86,,,,,,,,,,,,,,,,,,,,,,,,,,,,,,,,,,,,,,,,,,
Belfast,Maine,1088.04,989.52,98.52,,,,,,,,,,,,,,,,,,,,,,,,,,,,,,,,,,,,,,,,,,,,
Laramie,Wyoming,713.70,351.07,497.94,,,14.22,18.31,135.34,,,4.10,,,,,,,,,,,,,,,,,,,,,,,,,,,,,,,,,,,,
Moundsville,West-Virginia,2027.27,1946.32,80.95,,,,,,,,,,,,,,,,,,,,,,,,,,,,,,,,,,,,,,,,,,,,
Lake-City,Florida,,,667.42,3458.47,3363.83,,,772.91,,,,,,,,,,,,,,,,,,,,,,,,,,,,,,,,,,,,,,,
Surfside-Beach,South-Carolina,64.75,48.40,16.13,,,,,,,,,,,,,,,,,,,,,,,,,,,,,,,,,,,,,,,,,,,,
Franklin-Park,Illinois,,,693.60,8633.86,8502.92,,,824.53,,,,,,,,,,,,,,,,,,,,,,,,,,,,,,,,,,,,,,,
Bluefield,Virginia,1113.50,1046.52,66.98,,,34.32,580.53,,,,546.41,,,,,,,,,,,,,,,,,,,,,,,,,,,,,,,,,,,,
Richland,Washington,,,506.07,3471.33,3375.97,,,601.43,,,,,,,,,,,,,,,,,,,,,,,,,,,,,,,,,,,,,,,
Christiansburg,Virginia,585.59,550.30,35.29,,,46.99,275.89,,,,228.90,,,,,,,,,,,,,,,,,,,,,,,,,,,,,,,,,,,,
Springfield,Ohio,736.09,681.69,54.40,,,,,,,,,,,,,,,,,,,,,,,,,,,,,,,,,,,,,,,,,,,,
Lake-Charles,Louisiana,724.58,463.00,261.58,,,,,,,,,,,,,,,,,,,,,,,,,,,,,,,,,,,,,,,,,,,,
Laurens,South-Carolina,435.53,399.25,43.28,,,,,7.01,,,,,,,,,,,,,,,,,,,,,,,,,,,,,,,,,,,,,,,
Wichita,Kansas,,2051.49,553.79,,2605.28,1357.01,,,,,2172.87,,3529.88,,,,,,,,,,,,,,,,,,,,,,,,,,,,,,,,,,
Carbondale,Illinois,2871.91,2535.70,391.90,,,,,55.66,,,,,,,,,,,,,,,,,,,,,,,,,,,,,,,,,,,,,,,
Anderson,Indiana,3362.62,3311.22,51.40,,,,,,,,,,,,,,,,,,,,,,,,,,,,,,,,,,,,,,,,,,,,
Niceville,Florida,1041.01,965.06,59.10,,,,,,,,,,,,,,,,,,,,,,,,,,,,,,,,,,,,,,,,,,,,
Indianola,Mississippi,997.57,789.97,207.59,,,,,,,,,,,,,,,,,,,,,,,,,,,,,,,,,,,,,,,,,,,,
Chino-Valley,Arizona,1755.23,1719.35,35.88,,,,,,,,,,,,,,,,,,,,,,,,,,,,,,,,,,,,,,,,,,,,
Grand-Junction,Colorado,1397.71,1397.50,186.72,,,,50.32,186.53,,,50.32,,,,,,,,,,,,,,,,,,,,,,,,,,,,,,,,,,,,
Springdale,Arkansas,1506.00,1336.35,169.66,,,,930.23,,,,930.23,,,,,,,,,,,,,,,,,,,,,,,,,,,,,,,,,,,,
Grayville,Illinois,,,51.12,2239.62,1249.20,,,1041.53,,,,,,,,,,,,,,,,,,,,,,,,,,,,,,,,,,,,,,,
Naperville,Illinois,1040.76,985.22,102.56,,,,,47.02,,,,,,,,,,,,,,,,,,,,,,,,,,,,,,,,,,,,,,,
Clinton,Oklahoma,4438.54,4314.30,144.49,,,,,20.14,,,,,,,,,,,,,,,,,,,,,,,,,,,,,,,,,,,,,,,
Jacksonville,North-Carolina,1271.15,1158.71,285.08,,,,,172.64,,,,,,,,,,,,,,,,,,,,,,,,,,,,,,,,,,,,,,,
Geneseo,Illinois,,,859.89,3150.73,2966.90,,,1043.88,,,,,,,,,,,,,,,,,,,,,,,,,,,,,,,,,,,,,,,
Manchester,Tennessee,4557.62,4273.51,284.11,,,,,,,,,,,,,,,,,,,,,,,,,,,,,,,,,,,,,,,,,,,,
Walla-Walla,Washington,2111.82,2071.73,319.48,,,,,279.39,8.39,,,,,,,,,,,,,,,,,,,,,,,,,,,,,,,,,,,,,,
Richardson,Texas,2346.02,2278.70,280.88,,,,,213.56,,,,,,,,,,,,,,,,,,,,,,,,,,,,,,,,,,,,,,,
Haskell,Texas,,,,219.16,210.59,,210.59,8.56,,,219.16,8.56,,8.56,8.56,,,,,,,,,,,,,,,,,,,,,,,,,,,,,,,,
Independence,Missouri,3983.78,3784.11,199.66,,,,,,,,,,,,,,,,,,,,,,,,,,,,,,,,,,,,,,,,,,,,
Topeka,Kansas,2890.98,2460.43,430.56,,,19.40,238.05,,,,218.65,,,,,,,,,,,,,,,,,,,,,,,,,,,,,,,,,,,,
Concordia,Missouri,1278.53,1141.17,137.36,,,,,,,,,,,96.79,84.53,,,,,,,,,,,,,,,,,,,,,,,,,,,,,,,,
Bristol,Tennessee,,,,,,8.19,,,,,73.52,,81.71,,,,,,,,,,,,,,,,,,,,,,,,,,,,,,,,,,
Brea,California,1791.52,1737.95,53.57,,,,,,,,,,,,,,,,,,,,,,,,,,,,,,,,,,,,,,,,,,,,
Kingston,Tennessee,2066.40,1715.05,351.35,,,,,,,,,,,,,,,,,,,,,,,,,,,,,,,,,,,,,,,,,,,,
Dallas,Texas,7953.42,7909.60,265.54,,,4.82,125.15,221.71,43.57,20.95,120.33,,,,,,,,,,,,,,,,,,,,,,,,,,,,,,,,,,,,
Jamestown,North-Dakota,,,241.85,3134.31,2673.50,,,702.67,,,,,,,,,,,,,,,,,,,,,,,,,,,,,,,,,,,,,,,
Traverse-City,Michigan,951.71,841.15,110.62,,,,,,,,,,,,,,,,,,,,,,,,,,,,,,,,,,,,,,,,,,,,
Decatur,Arkansas,,,5145.81,6924.02,6555.87,,,5513.97,,,,,,,,,,,,,,,,,,,,,,,,,,,,,,,,,,,,,,,
St.-Louis,Missouri,6328.99,5402.87,1269.89,,,,,343.78,,,,,,,,,,,,,,,,,,,,,,,,,,,,,,,,,,,,,,,
Cleveland,Oklahoma,377.28,193.28,184.00,,,,,,,,,,,,,,,,,,,,,,,,,,,,,,,,,,,,,,,,,,,,
Sioux-City,Iowa,,,426.08,3259.42,3096.47,,,589.03,,,,,,,,,,,,,,,,,,,,,,,,,,,,,,,,,,,,,,,
Steeleville,Illinois,1749.61,1688.31,76.88,,,,,15.58,,,,,,,,,,,,,,,,,,,,,,,,,,,,,,,,,,,,,,,
Fairmont,West-Virginia,2595.23,2440.61,154.56,,,,,,,,,,,,,,,,,,,,,,,,,,,,,,,,,,,,,,,,,,,,
Springfield,Oregon,1353.17,1263.78,132.55,,,,,43.16,,,,,,,,,,,,,,,,,,,,,,,,,,,,,,,,,,,,,,,
Eau-Claire,Wisconsin,,,279.99,2332.80,2303.20,,,309.58,,,,,,,,,,,,,,,,,,,,,,,,,,,,,,,,,,,,,,,
Pocatello,Idaho,706.25,654.36,150.70,,,,,98.80,,,,,,,,,,,,,,,,,,,,,,,,,,,,,,,,,,,,,,,
Long-Branch,New-Jersey,2026.49,1864.49,162.00,,,,,,,,,,,,,,,,,,,,,,,,,,,,,,,,,,,,,,,,,,,,
Absecon,New-Jersey,478.23,385.80,92.42,,,,,,,,,,,,,,,,,,,,,,,,,,,,,,,,,,,,,,,,,,,,
Bartlett,Illinois,1913.99,1730.53,257.98,,,,,74.50,,,,,,,,,,,,,,,,,,,,,,,,,,,,,,,,,,,,,,,
La-Habra,California,1861.65,1637.38,247.90,,,,,23.63,,,,,,,,,,,,,,,,,,,,,,,,,,,,,,,,,,,,,,,
Tucumcari,New-Mexico,1591.33,1517.98,73.35,,,,,,,,,,,,,,,,,,,,,,,,,,,,,,,,,,,,,,,,,,,,
Logan,New-Mexico,,569.97,,,569.97,,,,,,5701.74,,5701.74,,,,,,,,,,,,,,,,,,,,,,,,,,,,,,,,,,
Belleville,Illinois,1822.26,1748.91,73.36,,,,,,,,,,,,,,,,,,,,,,,,,,,,,,,,,,,,,,,,,,,,
Tallahassee,Florida,5609.42,5239.59,354.95,,,30.85,1929.56,,,,1913.11,14.40,,,,,,,,,,,,,,,,,,,,,,,,,,,,,,,,,,,
San-Luis,Arizona,3921.79,3771.84,149.95,,,120.94,2015.07,,,,1894.13,,,,,,,,,,,,,,,,,,,,,,,,,,,,,,,,,,,,
Biloxi,Mississippi,2213.45,1973.12,645.31,,,15.67,203.09,404.98,,,401.65,214.23,,,,,,,,,,,,,,,,,,,,,,,,,,,,,,,,,,,
Truth-or-Consequences,New-Mexico,1365.37,1247.87,117.50,,,,,,,,,,,,,,,,,,,,,,,,,,,,,,,,,,,,,,,,,,,,
Oak-Grove,Missouri,1727.42,1570.36,157.06,,,,,,,,,,,,,,,,,,,,,,,,,,,,,,,,,,,,,,,,,,,,
Bowie,Maryland,224.75,205.65,19.10,,,,,,,,,,,,,,,,,,,,,,,,,,,,,,,,,,,,,,,,,,,,
Stamford,Texas,344.10,300.24,43.86,,,,,,,,,,,,,,,,,,,,,,,,,,,,,,,,,,,,,,,,,,,,
Henderson,Nevada,674.31,619.22,55.10,,,,,,,,,,,,,,,,,,,,,,,,,,,,,,,,,,,,,,,,,,,,
Atlanta,Illinois,421.88,346.88,75.00,,,,,,,,,,,,,,,,,,,,,,,,,,,,,,,,,,,,,,,,,,,,
Texarkana,Texas,1590.74,1494.51,96.24,,,4.41,40.06,,,,35.66,,,,,,,,,,,,,,,,,,,,,,,,,,,,,,,,,,,,
Ocean-City,Maryland,,,1415.03,16699.60,14058.47,,,4056.31,,,,,,,,,,,,,,,,,,,,,,,,,,,,,,,,,,,,,,,
Amherst,Ohio,,,92.07,735.17,595.88,86.91,489.89,231.44,,,402.98,,,,,,,,,,,,,,,,,,,,,,,,,,,,,,,,,,,,
Collinsville,Illinois,1691.54,1619.80,166.63,,,,,94.90,,,,,,,,,,,,,,,,,,,,,,,,,,,,,,,,,,,,,,,
Centerville,Georgia,253.55,150.30,103.25,,,,,,,,,,,,,,,,,,,,,,,,,,,,,,,,,,,,,,,,,,,,
Rock-Hill,South-Carolina,3828.87,3769.88,201.23,,,,,142.24,,,,,,,,,,,,,,,,,,,,,,,,,,,,,,,,,,,,,,,
Valdese,North-Carolina,,,50.23,529.41,527.38,,,52.26,,,,,,,,,,,,,,,,,,,,,,,,,,,,,,,,,,,,,,,
Titusville,Florida,882.63,809.38,76.30,,,,,8.18,,,,,,,,,,,,,,,,,,,,,,,,,,,,,,,,,,,,,,,
Columbus,Ohio,,,568.28,4931.25,4779.62,,,719.91,,,,,,,,,,,,,,,,,,,,,,,,,,,,,,,,,,,,,,,
San-Bernardino,California,549.21,526.66,22.54,,,,11.91,,,,11.91,,,,,,,,,,,,,,,,,,,,,,,,,,,,,,,,,,,,
Tacoma,Washington,8232.64,8142.00,1602.51,,,,,1511.87,,,,,,,,,,,,,,,,,,,,,,,,,,,,,,,,,,,,,,,
Muskogee,Oklahoma,,194.92,700.91,,895.83,146.28,,,,,760.35,,906.64,,,,,,,,,,,,,,,,,,,,,,,,,,,,,,,,,,
Chadron,Nebraska,1921.66,1761.83,248.34,,,,,88.51,,,,,,,,,,,,,,,,,,,,,,,,,,,,,,,,,,,,,,,
Carlsbad,New-Mexico,1743.88,1703.22,40.66,,,,,,,,,,,,,,,,,,,,,,,,,,,,,,,,,,,,,,,,,,,,
Ashland,Oregon,1464.69,1350.74,165.03,,,,,0.05,,,,,,,,,,,,,,,,,,,,,,,,,,,,,,,,,,,,,,,
Aurora,Illinois,4987.45,4872.13,240.61,,,172.75,245.31,125.29,,,72.57,,,,,,,,,,,,,,,,,,,,,,,,,,,,,,,,,,,,
Atlantic-City,New-Jersey,,,502.90,9454.97,6298.25,,,3659.62,,,,,,,,,,,,,,,,,,,,,,,,,,,,,,,,,,,,,,,
Prescott-Valley,Arizona,,,163.26,1767.67,1469.78,,,461.14,,,,,,,,,,,,,,,,,,,,,,,,,,,,,,,,,,,,,,,
Riverside,California,5733.26,5477.17,324.13,,,0.57,30.01,68.04,,,29.44,,,,,,,,,,,,,,,,,,,,,,,,,,,,,,,,,,,,
Dallas,Georgia,1949.36,1818.83,714.47,,,,,584.01,,,,,,,,,,,,,,,,,,,,,,,,,,,,,,,,,,,,,,,
Wyoming,Michigan,961.08,893.43,84.04,,,,,16.39,,,,,,,,,,,,,,,,,,,,,,,,,,,,,,,,,,,,,,,
Youngstown,Ohio,131.74,116.38,15.37,,,,,,,,,,,,,,,,,,,,,,,,,,,,,,,,,,,,,,,,,,,,
Cleveland,Texas,122.85,107.19,15.66,,,,,,,,,,,,,,,,,,,,,,,,,,,,,,,,,,,,,,,,,,,,
Wildwood,New-Jersey,8202.51,7812.45,699.27,,,,,309.22,,,,,,3532.34,1912.09,,,,,,,,,,,,,,,,,,,,,,,,,,,,,,,,
Attleboro,Massachusetts,,,167.30,1185.22,1061.17,,,291.35,265.34,143.67,,,,,,,,,,,,,,,,,,,,,,,,,,,,,,,,,,,,,
Swansboro,North-Carolina,409.09,370.51,38.28,,,,,,,,,,,,,,,,,,,,,,,,,,,,,,,,,,,,,,,,,,,,
Longview,Texas,855.86,615.02,240.84,,,,,,,,,,,,,,,,,,,,,,,,,,,,,,,,,,,,,,,,,,,,
Augusta,Maine,2670.11,2628.71,255.87,,,,,214.47,,,,,,,,,,,,,,,,,,,,,,,,,,,,,,,,,,,,,,,
Las-Cruces,New-Mexico,1398.70,1322.22,173.96,,,,,97.49,,,,,,,,,,,,,,,,,,,,,,,,,,,,,,,,,,,,,,,
Irvine,California,,3647.49,102.13,,,183.81,3712.18,,,,3528.36,,,,,,,,,,,,,,,,,,,,,,,,,,,,,3749.62,,,,,,,
Somerdale,New-Jersey,1442.58,1401.31,41.26,,,,,,925.69,372.47,,,,,,,,,,,,,,,,,,,,,,,,,,,,,,,,,,,,,
Wisconsin-Rapids,Wisconsin,,,187.56,2210.96,2142.19,,,256.39,,,,,,,,,,,,,,,,,,,,,,,,,,,,,,,,,,,,,,,
Lake-Orion,Michigan,,,24.15,361.56,307.93,,,77.77,,,,,,,,,,,,,,,,,,,,,,,,,,,,,,,,,,,,,,,
New-Bedford,Massachusetts,,,192.68,2217.63,2184.27,,,226.03,374.33,213.80,,,,,,,,,,,,,,,,,,,,,,,,,,,,,,,,,,,,,
South-Plainfield,New-Jersey,1972.06,197.20,1774.86,,,,,,,,,,,,,,,,,,,,,,,,,,,,,,,,,,,,,,,,,,,,
Akron,Ohio,,,790.22,5195.06,4631.26,,,1354.02,,,,,,,,,,,,,,,,,,,,,,,,,,,,,,,,,,,,,,,
New-Berlin,Illinois,187.55,140.29,47.26,,,,,,,,,,,,,,,,,,,,,,,,,,,,,,,,,,,,,,,,,,,,
Tye,Texas,333.83,280.57,53.26,,,,,,,,,,,,,,,,,,,,,,,,,,,,,,,,,,,,,,,,,,,,
Chattanooga,Tennessee,3339.49,3233.66,241.75,,,28.04,525.47,135.91,,,497.43,,,,,,,,,,,,,,,,,,,,,,,,,,,,,,,,,,,,
Medford,Oregon,,1099.11,31.15,,1130.26,,,,,,5311.27,,5311.27,,,,,,,,,,,,,,,,,,,,,,,,,,,,,,,,,,
Iowa-City,Iowa,1329.38,1263.69,225.34,,,73.27,375.47,159.66,8.82,6.32,302.20,,,,,,,,,,,,,,,,,,,,,,,,,,,,,,,,,,,,
Port-Angeles,Washington,4855.26,4704.14,327.35,,,,,176.23,,,,,,,,,,,,,,,,,,,,,,,,,,,,,,,,,,,,,,,
Frederick,Maryland,2850.13,2721.68,207.35,,,,,78.89,,,,,,,,,,,,,,,,,,,,,,,,,,,,,,,,,,,,,,,
Springfield,Massachusetts,1305.48,1185.40,120.08,,,,,,,,,,,47.62,,,,,,,,,,,,,,,,,,,,,,,,,,,,,,,,,
Red-Bank,New-Jersey,2010.45,1735.33,275.11,,,,,,,,,,,,,,,,,,,,,,,,,,,,,,,,,,,,,,,,,,,,
Quincy,Illinois,384.37,332.17,52.17,,,,,,,,,,,,,,,,,,,,,,,,,,,,,,,,,,,,,,,,,,,,
Glassboro,New-Jersey,1735.07,1348.68,386.39,,,,,,,,,,,,,,,,,,,,,,,,,,,,,,,,,,,,,,,,,,,,
Waterville,Maine,2075.55,1951.32,124.23,,,,,,,,,,,,,,,,,,,,,,,,,,,,,,,,,,,,,,,,,,,,
Gulfport,Mississippi,2468.21,2166.03,364.56,,,,,62.38,,,,,,,,,,,,,,,,,,,,,,,,,,,,,,,,,,,,,,,
Bergenfield,New-Jersey,120.25,99.68,20.57,,,,,,,,,,,226.81,202.11,,,,,,,,,,,,,,,,,,,,,,,,,,,,,,,,
Chicopee,Massachusetts,3199.94,3025.40,220.13,,,,,45.59,,,,,,317.11,63.49,,,,,,,,,,,,,,,,,,,,,,,,,,,,,,,,
South-Charleston,West-Virginia,,,185.94,681.08,287.62,61.43,61.43,579.40,,,,,,,,,,,,,,,,,,,,,,,,,,,,,,,,,,,,,,,
Carson-City,Nevada,3234.35,2962.07,272.28,,,53.65,1719.28,,,,1665.62,,,,,,,,,,,,,,,,,,,,,,,,,,,,,,,,,,,,
Milton,Georgia,,,,242.50,225.07,,,17.43,,,,,,,,,,,,,,,,,,,,,,,,,,,,,,,,,,,,,,,
Council-Bluffs,Iowa,,,295.97,1664.61,1407.80,18.98,40.21,552.75,,,21.23,,,,,,,,,,,,,,,,,,,,,,,,,,,,,,,,,,,,
Hampton,Virginia,,,164.04,2519.07,2272.32,5.78,26.81,410.79,,,21.03,,,,,,,,,,,,,,,,,,,,,,,,,,,,,,,,,,,,
La-Grande,Oregon,,,,394.59,394.59,,,,,,,,,,,,,,,,,,,,,,,,,,,,,,,,,,,,,,,,,,
Madras,Oregon,,,,2654.09,2654.09,,,,,,,,,43.26,35.46,,,,,,,,,,,,,,,,,,,,,,,,,,,,,,,,
Waterbury,Connecticut,,,363.70,4214.02,3980.08,,,597.65,,,,,,,,,,,,,,,,,,,,,,,,,,,,,,,,,,,,,,,
Portland,Maine,,,381.18,6575.75,6243.49,,,713.43,,,,,,,,,,,,,,,,,,,,,,,,,,,,,,,,,,,,,,,
Johnson-City,Tennessee,3768.77,2438.91,1329.85,,,,1950.12,,,,1950.12,,,,,,,,,,,,,,,,,,,,,,,,,,,,,,,,,,,,
Easthampton,Massachusetts,999.26,912.40,86.87,,,,,,,,,,,102.61,42.27,,,576.45,,525.30,,,,,,,,,,,,,,,,,,,,,51.15,219.00,202.46,97.46,80.86,16.60,16.54
Georgetown,Delaware,,,148.35,1862.22,1710.56,,,300.01,,,,,,,,,,,,,,,,,,,,,,,,,,,,,,,,,,,,,,,
Clovis,New-Mexico,542.79,505.81,36.95,,,,,,,,,,,,,,,,,,,,,,,,,,,,,,,,,,,,,,,,,,,,
Newark,California,394.72,371.79,22.93,,,,,,,,,,,,,,,,,,,,,,,,,,,,,,,,,,,,,,,,,,,,
Honolulu,Hawaii,,,1730.84,15812.75,13933.46,,,3610.13,,,,,,266.88,213.50,,,,,,,,,,,,,,,,,,,,,,,,,,,,,,,,
Corinth,Mississippi,10363.11,9932.56,430.49,,,,,,,,,,,153.05,150.36,,,,,,,,,,,,,,,,,,,,,,,,,,,,,,,,
Lufkin,Texas,,1616.17,398.19,,1755.09,52.25,,259.27,,,2907.83,,2960.08,,,,,,,,,,,,,,,,,,,,,,,,,,,,,,,,,,
Altus,Oklahoma,230.78,,230.78,,,,,,,,,,,,,,,,,,,,,,,,,,,,,,,,,,,,,,,,,,,,
Philadelphia,Pennsylvania,,,465.26,3233.36,3155.37,,,543.25,,,,,,,,,,,,,,,,,,,,,,,,,,,,,,,,,,,,,,,
Seattle,Washington,,,810.79,7344.44,6699.16,,,1456.07,0.35,0.03,,,,,,,,,,,,,,,,,,,,,,,,,,,,,,,,,,,,,
San-Angelo,Texas,2189.46,2056.67,132.79,,,,,,,,,,,,,,,,,,,,,,,,,,,,,,,,,,,,,,,,,,,,
Milwaukee,Wisconsin,,,516.82,2195.46,2190.67,19.84,948.41,521.61,305.00,305.00,985.98,57.41,,,,,,,,,,,,,,,,,,,,,,,,,,,,,,,,,,,
Nacogdoches,Texas,1479.61,1417.25,113.61,,,,,51.25,,,,,,,,,,,,,,,,,,,,,,,,,,,,,,,,,,,,,,,
Mill-Valley,California,2012.97,1935.13,107.79,,,,,29.95,,,,,,,,,,,,,,,,,,,,,,,,,,,,,,,,,,,,,,,
Allentown,New-Jersey,2059.15,955.49,1103.66,,,,,,,,,,,,,,,,,,,,,,,,,,,,,,,,,,,,,,,,,,,,
Cameron,Missouri,1146.54,1056.79,89.75,,,,,,,,,,,,,,,,,,,,,,,,,,,,,,,,,,,,,,,,,,,,
Woodward,Oklahoma,3546.98,3273.99,273.00,,,,,,,,,,,,,,,,,,,,,,,,,,,,,,,,,,,,,,,,,,,,
Carbondale,Colorado,767.03,724.12,42.91,,,,,,,,,,,,,,,,,,,,,,,,,,,,,,,,,,,,,,,,,,,,
Columbus,Nebraska,491.09,169.17,321.93,,,,,,,,,,,,,,,,,,,,,,,,,,,,,,,,,,,,,,,,,,,,
Miami-Beach,Florida,,,540.30,11073.60,11053.42,,,255.53,,,,,,,,,,,,,,,,,,,,,,,,,,,,,,,,,,,,,,,
St.-George,Utah,1029.23,923.96,202.11,,,23.94,185.80,96.83,,,161.85,,,,,,,,,,,,,,,,,,,,,,,,,,,,,,,,,,,,
Scranton,Pennsylvania,2053.80,1153.47,902.53,,,,,2.20,,,,,,,,,,,,,,,,,,,,,,,,,,,,,,,,,,,,,,,
Spearfish,South-Dakota,2139.16,2041.68,174.04,,,20.59,39.64,76.56,,,19.05,,,,,,,,,,,,,,,,,,,,,,,,,,,,,,,,,,,,
Highland,Indiana,,,,1045.93,1045.93,,,,,,,,,,,,,,,,,,,,,,,,,,,,,,,,,,,,,,,,,,
Caribou,Maine,94.82,83.89,10.93,,,,,,,,,,,,,,,,,,,,,,,,,,,,,,,,,,,,,,,,,,,,
Marfa,Texas,,,,990.77,503.38,,,486.77,,,,,,,,,,,,,,,,,,,,,,,,,,,,,,,,,,,,,,,
Anchorage,Alaska,,,992.12,5304.37,4818.81,0.22,1.10,1681.42,628.47,,0.89,,,,,,,,,,,,,,,,,,,,,,,,,,,,,,,,,,,,
Bentonville,Arkansas,,,167.17,1279.72,997.89,,,449.02,,,,,,,,,,,,,,,,,,,,,,,,,,,,,,,,,,,,,,,
Lynchburg,Virginia,4042.89,3525.93,516.95,,,,,,,,,,,,,,,,,,,,,,,,,,,,,,,,,,,,,,,,,,,,
Fruitland-Park,Florida,178.94,157.04,21.90,,,,,,,,,,,,,,,,,,,,,,,,,,,,,,,,,,,,,,,,,,,,
Paterson,New-Jersey,882.77,794.35,88.42,,,,,,,,,,,,,,,,,,,,,,,,,,,,,,,,,,,,,,,,,,,,
Albuquerque,New-Mexico,2176.69,2160.94,224.45,,,114.74,599.09,208.70,20.08,,484.35,,,,,,,,,,,,,,,,,,,,,,,,,,,,,,,,,,,,
Beach-Park,Illinois,185.39,176.26,9.12,,,,,,,,,,,,,,,,,,,,,,,,,,,,,,,,,,,,,,,,,,,,
Janesville,Wisconsin,,,261.91,1778.43,1748.43,,,291.91,,,,,,,,,,,,,,,,,,,,,,,,,,,,,,,,,,,,,,,
Jackson,Tennessee,1286.56,1200.31,86.25,,,14.66,562.50,,,,547.84,,,,,,,,,,,,,,,,,,,,,,,,,,,,,,,,,,,,
Grandview,Missouri,826.76,762.99,63.77,,,,,,,,,,,,,,,,,,,,,,,,,,,,,,,,,,,,,,,,,,,,
Melbourne,Arkansas,,,,2838.87,2838.87,,,,,,,,,,,,,,,,,,,,,,,,,,,,,,,,,,,,,,,,,,
Valdosta,Georgia,,,44.37,1561.01,1537.03,4.13,32.72,68.35,,,28.59,,,,,,,,,,,,,,,,,,,,,,,,,,,,,,,,,,,,
Meadow,Utah,823.17,823.17,,,,,,,,,,,,,,,,,,,,,,,,,,,,,,,,,,,,,,,,,,,,,
Merced,California,636.08,592.68,43.39,,,,,,,,,,,,,,,,,,,,,,,,,,,,,,,,,,,,,,,,,,,,
Billings,Montana,1748.09,1586.22,174.79,,,5.93,87.79,12.91,,,82.13,,,,,,,,,,,,,,,,,,,,,,,,,,,,,,,,,,,,
Fort-Myers,Florida,3928.71,3927.59,200.04,,,,,,,,,,,,,,,,,,,,,,,,,,,,,,,,,,,,,,,,,,,,
Greenville,Mississippi,,,93.11,622.62,615.82,,,99.91,,,,,,,,,,,,,,,,,,,,,,,,,,,,,,,,,,,,,,,
Portland,Oregon,,,402.62,5406.86,5330.31,10.39,37.27,479.17,,,26.88,,,,,,,,,,,,,,,,,,,,,,,,,,,,,,,,,,,,
Bellmawr,New-Jersey,838.01,613.35,224.67,,,,,,,,,,,137.34,74.48,,,,,,,,,,,,,,,,,,,,,,,,,,,,,,,,
Lubbock,Texas,,,487.27,4557.50,4538.52,,261.24,506.25,,,355.09,93.85,,,,,,,,,,,,,,,,,,,,,,,,,,,,,,,,,,,
Charlotte,North-Carolina,4598.62,4565.79,570.03,,,,,537.21,,,,,,,,,,,,,,,,,,,,,,,,,,,,,,,,,,,,,,,
Dalton,Georgia,,637.55,223.35,,860.89,131.74,,,,,3646.52,,3778.26,,,,,,,,,,,,,,,,,,,,,,,,,,,,,,,,,,
Dothan,Alabama,,,140.15,1870.92,1764.48,4.35,13.05,246.59,,,8.70,,,,,,,,,,,,,,,,,,,,,,,,,,,,,,,,,,,,
Vermillion,South-Dakota,984.62,661.82,322.81,,,,,,,,,,,,,,,,,,,,,,,,,,,,,,,,,,,,,,,,,,,,
Millbrook,Alabama,1513.02,1085.93,427.09,,,,,,,,,,,,,,,,,,,,,,,,,,,,,,,,,,,,,,,,,,,,
Worcester,Massachusetts,3338.07,3305.60,536.38,,,,,503.92,559.18,365.60,,,,,,,,,,,,,,,,,,,,,,,,,,,,,,,,,,,,,
Montgomery,Alabama,1818.46,1704.46,114.01,,,,,,,,,,,,,,,,,,,,,,,,,,,,,,,,,,,,,,,,,,,,
West-Haven,Connecticut,562.12,,562.12,,,,,,,,,,,,,,,,,,,,,,,,,,,,,,,,,,,,,,,,,,,,
Brooklyn,Ohio,278.98,176.59,102.39,,,,,,,,,,,,,,,,,,,,,,,,,,,,,,,,,,,,,,,,,,,,
Dalhart,Texas,426.35,402.29,24.07,,,,,,,,,,,,,,,,,,,,,,,,,,,,,,,,,,,,,,,,,,,,
Rockford,Illinois,719.63,646.35,73.28,,,,,,,,,,,,,,,,,,,,,,,,,,,,,,,,,,,,,,,,,,,,
Waterloo,Iowa,,,237.33,1630.21,1574.53,35.32,88.91,293.03,,,53.59,,,,,,,,,,,,,,,,,,,,,,,,,,,,,,,,,,,,
Hopkinsville,Kentucky,,1728.78,183.05,,1574.15,60.46,,337.68,,,3748.21,,3808.67,,,,,,,,,,,,,,,,,,,,,,,,,,,,,,,,,,
Gainesville,Florida,8097.91,7605.07,400.81,,,,37.31,37.31,,,37.31,,,,,,,,,,,,,,,,,,,,,,,,,,,,,,,,,,,,
Lake-Wales,Florida,1088.79,996.66,123.52,,,,,,,,,,,,,,,,,,,,,,,,,,,,,,,,,,,,,,,,,,,,
New-Castle,Delaware,,351.26,,,,3.34,20.59,,,,17.43,,,,,,,,,,,,,,,,,,,,,,,,,,,,,351.26,,,,,,,
Greenville,South-Carolina,1540.13,1106.28,433.85,,,,,,,,,,,,,,,,,,,,,,,,,,,,,,,,,,,,,,,,,,,,
Richmond,Virginia,7006.30,6569.08,1949.78,,,,,1512.56,,,,,,,,,,,,,,,,,,,,,,,,,,,,,,,,,,,,,,,
Missoula,Montana,,,77.07,2920.31,2900.01,,6.22,97.37,,,142.27,136.05,,,,,,,,,,,,,,,,,,,,,,,,,,,,,,,,,,,
Denver,Colorado,8325.64,8210.37,976.82,,,,,861.56,,,,,,,,,,,,,,,,,,,,,,,,,,,,,,,,,,,,,,,
Altoona,Pennsylvania,,,314.43,783.99,583.32,,,515.10,,,,,,,,,,,,,,,,,,,,,,,,,,,,,,,,,,,,,,,
Milford,Delaware,1258.27,1147.97,110.30,,,,,,,,,,,,,,,,,,,,,,,,,,,,,,,,,,,,,,,,,,,,
Queen-City,Texas,1154.60,1047.35,133.01,,,,,25.07,,,,,,,,,,,,,,,,,,,,,,,,,,,,,,,,,,,,,,,
Oacoma,South-Dakota,1229.30,891.72,335.46,,,,,,,,,,,,,,,,,,,,,,,,,,,,,,,,,,,,,,,,,,,,
Des-Plaines,Illinois,3302.55,3014.24,336.34,,,5.25,96.74,48.03,,,91.50,,,,,,,,,,,,,,,,,,,,,,,,,,,,,,,,,,,,
Bismarck,North-Dakota,3031.86,2998.82,295.87,,,,,262.82,,,,,,,,,,,,,,,,,,,,,,,,,,,,,,,,,,,,,,,
Redding,California,3411.64,3166.72,244.93,,,1.40,39.91,,,,38.50,,,,,,,,,,,,,,,,,,,,,,,,,,,,,,,,,,,,
Atlanta,Georgia,15696.59,15460.49,983.85,,,15.61,335.44,747.75,,,319.83,,,,,,,,,,,,,,,,,,,,,,,,,,,,,,,,,,,,
Norman,Oklahoma,3260.54,3202.14,231.76,,,,,173.35,,,,,,,,,,,,,,,,,,,,,,,,,,,,,,,,,,,,,,,
Indio,California,,,72.21,1973.70,1868.29,,,177.63,,,,,,,,,,,,,,,,,,,,,,,,,,,,,,,,,,,,,,,
Adrian,Michigan,1018.11,929.03,89.08,,,,,,,,,,,,,,,,,,,,,,,,,,,,,,,,,,,,,,,,,,,,
Clayton,New-Mexico,,,,1231.63,1231.63,,,,,,,,,,,,,,,,,,,,,,,,,,,,,,,,,,,,,,,,,,
Rome,Georgia,1195.12,972.06,223.09,,,,,,,,,,,,,,,,,,,,,,,,,,,,,,,,,,,,,,,,,,,,
Laurel,Delaware,1412.53,1298.90,113.64,,,,,,,,,,,,,,,,,,,,,,,,,,,,,,,,,,,,,,,,,,,,
Sweetwater,Texas,,,,1719.84,1242.24,,,477.60,,,,,,,,,,,,,,,,,,,,,,,,,,,,,,,,,,,,,,,
Decatur,Illinois,1886.72,1790.69,188.99,,,,,92.95,,,,,,,,,,,,,,,,,,,,,,,,,,,,,,,,,,,,,,,
Midland,Michigan,542.29,467.47,165.82,,,,,91.01,,,,,,,,,,,,,,,,,,,,,,,,,,,,,,,,,,,,,,,
Manassas,Virginia,1605.70,1433.22,172.47,,,76.55,1148.30,,,,1071.75,,,,,,,,,,,,,,,,,,,,,,,,,,,,,,,,,,,,
Brunswick,Georgia,,,,87.04,49.09,,,37.96,,,,,,,,,,,,,,,,,,,,,,,,,,,,,,,,,,,,,,,
Talladega,Alabama,1865.04,1818.53,348.19,,,,,301.68,,,,,,,,,,,,,,,,,,,,,,,,,,,,,,,,,,,,,,,
Parkersburg,West-Virginia,2095.24,1941.31,153.93,,,,,,,,,,,,,,,,,,,,,,,,,,,,,,,,,,,,,,,,,,,,
Mason,Tennessee,71.20,57.48,13.72,,,,,,,,,,,,,,,,,,,,,,,,,,,,,,,,,,,,,,,,,,,,
Mount-Zion,Illinois,1021.23,962.04,59.19,,,,,,,,,,,,,,,,,,,,,,,,,,,,,,,,,,,,,,,,,,,,
Great-Falls,Montana,,,92.38,1119.55,910.67,,,301.26,,,,,,,,,,,,,,,,,,,,,,,,,,,,,,,,,,,,,,,
Kearney,Nebraska,,,543.89,1803.26,1646.94,,,700.21,,,,,,,,,,,,,,,,,,,,,,,,,,,,,,,,,,,,,,,
Portland,Texas,1934.16,1754.00,180.16,,,,,,,,,,,,,,,,,,,,,,,,,,,,,,,,,,,,,,,,,,,,
Weirton,West-Virginia,,,58.41,941.80,905.78,143.60,902.44,94.38,,,758.84,,,,,,,,,,,,,,,,,,,,,,,,,,,,,,,,,,,,
Chandler,Oklahoma,1919.61,1678.77,240.84,,,,,,,,,,,,,,,,,,,,,,,,,,,,,,,,,,,,,,,,,,,,
Glenview,Illinois,1315.74,1119.56,196.20,,,,,,,,,,,,,,,,,,,,,,,,,,,,,,,,,,,,,,,,,,,,
Davenport,Iowa,2378.58,2289.45,490.57,,,33.86,742.17,398.78,,,708.31,,,,,,,,,,,,,,,,,,,,,,,,,,,,,,,,,,,,
Pittsburg,Kansas,1861.35,1592.07,276.91,,,14.71,431.07,7.63,,,1212.07,795.71,,,,,,,,,,,,,,,,,,,,,,,,,,,,,,,,,,,
Tazewell,Virginia,1052.89,1052.89,,,,,,,,,,,,,,,,,,,,,,,,,,,,,,,,,,,,,,,,,,,,,
Elizabeth,New-Jersey,,,109.46,1096.66,1070.57,,,135.55,,,,,,17.41,3.87,,,,,,,,,,,,,,,,,,,,,,,,,,,,,,,,
Norfolk,Nebraska,1114.44,867.56,309.05,,,7.69,84.58,62.17,92.03,92.03,76.89,,,,,,,,,,,,,,,,,,,,,,,,,,,,,,,,,,,,
Fayetteville,Arkansas,,,241.01,1024.60,963.07,19.91,258.73,302.55,,,238.82,,,,,,,,,,,,,,,,,,,,,,,,,,,,,,,,,,,,
West-Des-Moines,Iowa,,,371.95,2942.92,1898.44,,,1416.43,,,,,,,,,,,,,,,,,,,,,,,,,,,,,,,,,,,,,,,
Hardeeville,South-Carolina,,,22.40,199.92,125.31,,,97.00,,,,,,102.50,84.50,,,,,,,,,,,,,,,,,,,,,,,,,,,,,,,,
Rochester,New-Hampshire,3134.84,2826.56,308.29,,,,,,,,,,,,,,,,,,,,,,,,,,,,,,,,,,,,,,,,,,,,
Memphis,Tennessee,,,607.16,3310.26,3027.37,1.84,403.87,891.01,,,438.50,36.48,,,,,,,,,,,,,,,,,,,,,,,,,,,,,,,,,,,
Goshen,Indiana,1500.89,1473.16,27.73,,,51.96,1091.21,,,,1039.25,,,,,,,,,,,,,,,,,,,,,,,,,,,,,,,,,,,,
Columbia,South-Carolina,,,0.16,5.00,4.50,,,0.66,22.78,,,,,,,,,,,,,,,,,,,,,,,,,,,,,,,,,,,,,,
Huntingburg,Indiana,2338.09,2338.09,,,,,,,,,,,,,,,,,,,,,,,,,,,,,,,,,,,,,,,,,,,,,
Appleton,Wisconsin,2261.73,2237.10,283.34,,,,,258.71,,,,,,,,,,,,,,,,,,,,,,,,,,,,,,,,,,,,,,,
San-Fernando,California,114.51,111.83,2.67,,,,,,,,,,,,,,,,,,,,,,,,,,,,,,,,,,,,,,,,,,,,
Michigan-City,Indiana,1919.17,1885.15,34.02,,,,532.74,,,,532.74,,,,,,,,,,,,,,,,,,,,,,,,,,,,,,,,,,,,
Rapid-City,South-Dakota,1919.35,1882.28,45.00,,,,,7.94,,,,,,,,,,,,,,,,,,,,,,,,,,,,,,,,,,,,,,,
Yankton,South-Dakota,1617.14,1617.14,,,,64.34,338.39,,,,274.05,,,117.31,107.92,,,,,,,,,,,,,,,,,,,,,,,,,,,,,,,,
Bozeman,Montana,,,50.57,785.27,728.44,,,107.38,,,,,,,,,,,,,,,,,,,,,,,,,,,,,,,,,,,,,,,
Oshkosh,Wisconsin,,,492.70,4769.89,4565.52,,,697.06,,,,,,,,,,,,,,,,,,,,,,,,,,,,,,,,,,,,,,,
Peoria,Arizona,1316.47,508.76,807.71,,,14.95,245.54,,,,230.59,,,,,,,,,,,,,,,,,,,,,,,,,,,,,,,,,,,,
San-Augustine,Texas,896.19,827.86,68.33,,,,,,,,,,,,,,,,,,,,,,,,,,,,,,,,,,,,,,,,,,,,
Hartford,Wisconsin,2686.63,2365.17,631.60,,,140.24,189.12,310.13,,,109.74,60.86,,,,,,,,,,,,,,,,,,,,,,,,,,,,,,,,,,,
Racine,Wisconsin,2338.05,2139.03,682.09,,,,,483.06,,,,,,,,,,,,,,,,,,,,,,,,,,,,,,,,,,,,,,,
Morgantown,West-Virginia,6146.03,5956.17,189.86,,,,,,,,,,,,,,,,,,,,,,,,,,,,,,,,,,,,,,,,,,,,
Mason,Texas,399.13,276.79,122.34,,,,,,,,,,,,,,,,,,,,,,,,,,,,,,,,,,,,,,,,,,,,
Kalamazoo,Michigan,,2238.65,206.22,,2187.32,63.91,,257.55,,,4458.07,,4521.98,,,,,,,,,,,,,,,,,,,,,,,,,,,,,,,,,,
Siren,Wisconsin,,,317.83,7333.33,6186.05,,,1466.41,,,,,,,,,,,,,,,,,,,,,,,,,,,,,,,,,,,,,,,
Martinsville,Illinois,751.84,715.99,35.85,,,,,,,,,,,,,,,,,,,,,,,,,,,,,,,,,,,,,,,,,,,,
Colorado-Springs,Colorado,5275.71,5176.03,820.68,,,,,720.99,,,,,,,,,,,,,,,,,,,,,,,,,,,,,,,,,,,,,,,
West-Dundee,Illinois,3935.66,3653.77,603.35,,,,,321.46,,,,,,,,,,,,,,,,,,,,,,,,,,,,,,,,,,,,,,,
Spirit-Lake,Iowa,7555.58,5187.97,2367.60,,,,,,,,,,,,,,,,,,,,,,,,,,,,,,,,,,,,,,,,,,,,
Wheatland,Wyoming,316.87,278.74,38.13,,,,,,,,,,,,,,,,,,,,,,,,,,,,,,,,,,,,,,,,,,,,
Savannah,Georgia,,,78.95,1059.70,1055.97,13.33,44.23,82.68,,,30.91,,,,,,,,,,,,,,,,,,,,,,,,,,,,,,,,,,,,
Haledon,New-Jersey,1893.16,1856.75,36.42,,,,,,,,,,,,,,,,,,,,,,,,,,,,,,,,,,,,,,,,,,,,
Sarasota,Florida,1873.90,1717.49,176.56,,,,,,,,,,,,,,,,,,,,,,,,,,,,,,,,,,,,,,,,,,,,
Sunray,Texas,579.47,537.53,41.39,,,,,,236.75,180.46,,,,,,,,,,,,,,,,,,,,,,,,,,,,,,,,,,,,,
Providence,Rhode-Island,3953.23,3888.03,316.20,,,,,251.01,,,,,,,,,,,,,,,,,,,,,,,,,,,,,,,,,,,,,,,
Troutdale,Oregon,443.30,378.79,64.51,,,,,,,,,,,,,,,,,,,,,,,,,,,,,,,,,,,,,,,,,,,,
Texarkana,Arkansas,1092.05,1015.88,76.17,,,,,,,,,,,,,,,,,,,,,,,,,,,,,,,,,,,,,,,,,,,,
Flint,Michigan,1484.88,1167.83,317.04,,,14.04,88.29,,,,74.25,,,,,,,,,,,,,,,,,,,,,,,,,,,,,,,,,,,,
Greensboro,North-Carolina,,,395.66,1857.04,1674.55,,,578.15,,,,,,,,,,,,,,,,,,,,,,,,,,,,,,,,,,,,,,,
Oakley,Kansas,486.27,427.95,58.31,,,,,,,,,,,,,,,,,,,,,,,,,,,,,,,,,,,,,,,,,,,,
Chula-Vista,California,,,131.22,3789.26,3323.57,18.43,2000.95,596.91,,,1982.52,,,,,,,,,,,,,,,,,,,,,,,,,,,,,,,,,,,,
McAllen,Texas,1769.89,1499.03,270.86,,,,,,,,,,,,,,,,,,,,,,,,,,,,,,,,,,,,,,,,,,,,
Baltimore,Maryland,1272.46,1263.10,391.10,,,,,381.74,,,,,,,,,,,,,,,,,,,,,,,,,,,,,,,,,,,,,,,
Willowick,Ohio,21.13,19.85,1.28,,,,,,,,,,,,,,,,,,,,,,,,,,,,,,,,,,,,,,,,,,,,
Steamboat-Springs,Colorado,3907.30,3642.58,264.72,,,,,,,,,,,,,,,,,,,,,,,,,,,,,,,,,,,,,,,,,,,,
Beaumont,Texas,,,140.42,3207.78,3189.41,,,158.78,,,,,,,,,,,,,,,,,,,,,,,,,,,,,,,,,,,,,,,
Edmond,Oklahoma,,,167.49,3006.48,1395.52,0.33,2.65,1778.44,,,2.32,,,,,,,,,,,,,,,,,,,,,,,,,,,,,,,,,,,,
Okawville,Illinois,121.32,98.53,22.79,,,,,,,,,,,,,,,,,,,,,,,,,,,,,,,,,,,,,,,,,,,,
Alpena,Michigan,683.91,610.18,73.72,,,,,,,,,,,,,,,,,,,,,,,,,,,,,,,,,,,,,,,,,,,,
Twin-Falls,Idaho,1262.13,1183.44,78.69,,,,,,,,,,,,,,,,,,,,,,,,,,,,,,,,,,,,,,,,,,,,
Covington,Kentucky,,1347.54,98.44,,1445.95,,1509.63,,36.12,,,,,,,1509.63,,,,,,,,,,,,,,,,,,,,,,,,,,,,,,,
Windsor,Colorado,392.46,359.91,32.55,,,,,,,,,,,,,,,,,,,,,,,,,,,,,,,,,,,,,,,,,,,,
New-Haven,Michigan,1992.66,1990.22,251.07,,,,,248.83,,,,,,,,,,,,,,,,,,,,,,,,,,,,,,,,,,,,,,,
Enid,Oklahoma,1319.45,1189.93,146.45,,,14.21,43.13,16.93,,,28.94,,,,,,,,,,,,,,,,,,,,,,,,,,,,,,,,,,,,
Pittsburgh,Pennsylvania,1417.44,1379.02,220.37,,,51.80,158.45,181.94,,,106.64,,,,,,,,,,,,,,,,,,,,,,,,,,,,,,,,,,,,
Bangor,Maine,4154.92,4056.97,307.85,,,,,209.91,,,,,,,,,,,,,,,,,,,,,,,,,,,,,,,,,,,,,,,
Springfield,Missouri,4752.74,4523.62,330.76,,,,410.73,101.05,,,410.73,,,,,,,,,,,,,,,,,,,,,,,,,,,,,,,,,,,,
Woonsocket,Rhode-Island,3658.64,3459.68,198.97,,,,,,,,,,,,,,,,,,,,,,,,,,,,,,,,,,,,,,,,,,,,
Marianna,Arkansas,1209.88,1207.82,2.06,,,,,,,,,,,,,,,,,,,,,,,,,,,,,,,,,,,,,,,,,,,,
Coleman,Wisconsin,3289.24,3117.73,172.97,,,,,,,,,,,,,,,,,,,,,,,,,,,,,,,,,,,,,,,,,,,,
Jackson,Mississippi,2761.62,2697.83,159.36,,,,,95.57,,,,,,,,,,,,,,,,,,,,,,,,,,,,,,,,,,,,,,,
Chillicothe,Ohio,467.96,421.37,46.59,,,,,,,,,,,,,,,,,,,,,,,,,,,,,,,,,,,,,,,,,,,,
Bedford,Virginia,2780.81,2488.40,1735.03,,,19.40,230.41,1442.47,1165.53,,211.01,,,,,,,,,,,,,,,,,,,,,,,,,,,,,,,,,,,,
Covington,Tennessee,1121.69,1050.26,71.43,,,,,,,,,,,,,,,,,,,,,,,,,,,,,,,,,,,,,,,,,,,,
Buffalo,New-York,1566.64,1462.18,183.98,,,,,79.52,,,,,,,,,,,,,,,,,,,,,,,,,,,,,,,,,,,,,,,
Evansville,Indiana,,,94.34,6615.34,6613.78,,,95.90,23.49,12.85,,,,,,,,,,,,,,,,,,,,,,,,,,,,,,,,,,,,,
Alton,Texas,573.87,532.06,55.12,,,,,13.26,,,,,,,,,,,,,,,,,,,,,,,,,,,,,,,,,,,,,,,
Arlington-Heights,Illinois,886.22,814.75,71.47,,,,,,,,,,,,,,,,,,,,,,,,,,,,,,,,,,,,,,,,,,,,
Howell,Michigan,,,257.18,1948.04,1865.79,,,339.44,,,,,,,,,,,,,,,,,,,,,,,,,,,,,,,,,,,,,,,
El-Campo,Texas,904.50,845.05,59.45,,,,,,,,,,,,,,,,,,,,,,,,,,,,,,,,,,,,,,,,,,,,
Cranston,Rhode-Island,1152.99,1103.41,110.97,,,,,61.38,,,,,,,,,,,,,,,,,,,,,,,,,,,,,,,,,,,,,,,
Sayreville,New-Jersey,1094.04,929.01,165.03,,,,,,,,,,,,,,,,,,,,,,,,,,,,,,,,,,,,,,,,,,,,
Sedona,Arizona,5327.40,4046.33,1281.07,,,,,,,,,,,,,,,,,,,,,,,,,,,,,,,,,,,,,,,,,,,,
Mobile,Alabama,2601.89,2429.34,632.35,,,,,459.81,,,,,,,,,,,,,,,,,,,,,,,,,,,,,,,,,,,,,,,
Oak-Grove,Kentucky,1102.19,1021.86,80.33,,,,,,,,,,,,,,,,,,,,,,,,,,,,,,,,,,,,,,,,,,,,
Chubbuck,Idaho,1146.84,1078.71,68.13,,,,,,,,,,,,,,,,,,,,,,,,,,,,,,,,,,,,,,,,,,,,
San-Diego,California,,,339.73,3273.48,2811.38,,,771.57,,,,,,,,,,,,,,,,,,,,,,,,,,,,,,,,,,,,,,,
Lemont,Illinois,2737.90,2597.02,222.89,,,,,81.95,,,,,,,,,,,,,,,,,,,,,,,,,,,,,,,,,,,,,,,
Huntsville,Alabama,,,558.23,4970.12,4726.16,13.04,281.25,802.19,,,268.22,,,,,,,,,,,,,,,,,,,,,,,,,,,,,,,,,,,,
Lake-City,South-Carolina,3866.25,3190.09,676.16,,,,,,,,,,,,,,,,,,,,,,,,,,,,,,,,,,,,,,,,,,,,
Bakersfield,California,,603.91,112.83,,656.67,,,60.07,,,1077.86,,1077.86,,,,,,,,,,,,,,,,,,,,,,,,,,,,,,,,,,
Lancaster,Pennsylvania,2559.61,2488.48,99.01,,,,,27.89,,,,,,,,,,,,,,,,,,,,,,,,,,,,,,,,,,,,,,,
Jersey-City,New-Jersey,1884.97,1693.59,191.39,,,,38.16,,,,38.16,,,,,,,,,,,,,,,,,,,,,,,,,,,,,,,,,,,,
Victorville,California,3421.77,3368.93,60.93,,,,,8.09,,,,,,,,,,,,,,,,,,,,,,,,,,,,,,,,,,,,,,,
El-Paso,Texas,,,203.83,3217.09,3147.39,11.46,134.59,273.53,33.00,14.67,123.13,,,,,,,,,,,,,,,,,,,,,,,,,,,,,,,,,,,,
Boonville,Missouri,2257.97,2141.49,116.48,,,,,,,,,,,,,,,,,,,,,,,,,,,,,,,,,,,,,,,,,,,,
Salem,Oregon,1396.24,1201.86,194.38,,,379.27,989.47,,,,610.20,,,,,,,,,,,,,,,,,,,,,,,,,,,,,,,,,,,,
Sault-Ste.-Marie,Michigan,3133.90,2856.26,304.40,,,,,26.83,,,,,,,,,,,,,,,,,,,,,,,,,,,,,,,,,,,,,,,
New-Brunswick,New-Jersey,9668.62,8902.92,1528.68,,,,,762.99,,,,,,84.60,14.55,,,,,,,,,,,,,,,,,,,,,,,,,,,,,,,,
Sealy,Texas,1632.80,1543.59,89.20,,,,,,,,,,,,,,,,,,,,,,,,,,,,,,,,,,,,,,,,,,,,
Minneapolis,Minnesota,,1408.24,458.47,,1420.64,230.44,,446.08,,,4750.86,,4981.31,,,,,,,,,,,,,,,,,,,,,,,,,,,,,,,,,,
Fair-Haven,New-Jersey,1012.03,876.74,135.29,,,,,,,,,,,,,,,,,,,,,,,,,,,,,,,,,,,,,,,,,,,,
Reno,Nevada,,,773.33,1901.51,1765.24,29.01,665.16,909.60,,,636.15,,,,,,,,,,,,,,,,,,,,,,,,,,,,,,,,,,,,
New-Castle,Pennsylvania,1206.63,1114.26,92.38,,,,,,,,,,,,,,,,,,,,,,,,,,,,,,,,,,,,,,,,,,,,
Albany,Georgia,299.03,227.05,71.98,,,,,,,,,,,4.78,4.09,,,,,,,,,,,,,,,,,,,,,,,,,,,,,,,,
Visalia,California,219.28,201.64,17.64,,,,,,,,,,,,,,,,,,,,,,,,,,,,,,,,,,,,,,,,,,,,
Hartford,Connecticut,4925.41,4664.72,260.69,,,,,,165.14,,,,,,,,,,,,,,,,,,,,,,,,,,,,,,,,,,,,,,
Windsor,Missouri,401.22,380.39,20.83,,,,,,,,,,,,,,,,,,,,,,,,,,,,,,,,,,,,,,,,,,,,
New-Haven,Connecticut,,,432.46,4832.81,4614.52,1.57,27.49,650.76,,,25.91,,,,,,,,,,,,,,,,,,,,,,,,,,,,,,,,,,,,
Ocala,Florida,2850.33,2563.42,129.52,,,,,,,,,,,,,,,,,,,,,,,,,,,,,,,,,,,,,,,,,,,,
Fort-Myers-Beach,Florida,,,25.37,633.63,228.36,,,430.65,,,,,,,,,,,,,,,,,,,,,,,,,,,,,,,,,,,,,,,
New-York,New-York,,,1525.39,15279.00,14872.05,142.33,1757.78,1932.40,23.99,,1793.52,114.74,,,,,,,,,,,,,,,,,,,,,,,,,,,,,,,,,,,
Williamsport,Ohio,760.71,716.95,125.70,,,,,81.01,,,,,,,,,,,,,,,,,,,,,,,,,,,,,,,,,,,,,,,
Blackwell,Oklahoma,3078.94,2940.87,138.07,,,7.77,68.88,,,,61.11,,,,,,,,,,,,,,,,,,,,,,,,,,,,,,,,,,,,
Fortuna,California,1730.97,1656.91,74.07,,,,,,,,,,,,,,,,,,,,,,,,,,,,,,,,,,,,,,,,,,,,
Miami,Florida,,,331.60,1412.21,1394.01,,,349.80,,,,,,,,,,,,,,,,,,,,,,,,,,,,,,,,,,,,,,,
Herrin,Illinois,,,171.99,409.71,394.10,,,187.59,,,,,,,,,,,,,,,,,,,,,,,,,,,,,,,,,,,,,,,
Grand-Forks,North-Dakota,,2916.74,188.22,,2737.39,,3567.94,367.56,,,,357.78,,,,3925.72,,,,,,,,,,,,,,,,,,,,,,,,,,,,,,,
Macon,Georgia,405.92,366.59,39.33,,,4.47,17.03,,,,12.56,,,55.57,,,,,,,,,,,,,,,,,,,,,,,,,,,,,,,,,
Alexandria,Virginia,,,1302.89,4504.99,4182.66,15.68,684.57,1625.22,63.35,,668.89,,,,,,,,,,,,,,,,,,,,,,,,,,,,,,,,,,,,
Odessa,Texas,392.80,278.51,114.28,,,12.16,36.00,,,,23.84,,,,,,,,,,,,,,,,,,,,,,,,,,,,,,,,,,,,
Jonesboro,Arkansas,,5.10,,,5.10,17.03,,,,,3457.09,,3474.12,,,,,,,,,,,,,,,,,,,,,,,,,,,,,,,,,,
Fayetteville,North-Carolina,,,103.27,1628.87,1476.45,,,255.70,,,,,,,,,,,,,,,,,,,,,,,,,,,,,,,,,,,,,,,
Callaway,Florida,2026.88,1586.27,157.04,,,,,,,,,,,,,,,,,,,,,,,,,,,,,,,,,,,,,,,,,,,,
Fresno,California,2501.57,2349.43,164.53,,,3.63,141.29,12.39,,,137.65,,,,,,,,,,,,,,,,,,,,,,,,,,,,,,,,,,,,
Battle-Creek,Michigan,2059.87,1928.52,331.57,,,,,200.20,,,,,,,,,,,,,,,,,,,,,,,,,,,,,,,,,,,,,,,
West-Jordan,Utah,214.29,214.29,,,,,,,,,,,,,,,,,,,,,,,,,,,,,,,,,,,,,,,,,,,,,
Greenville,North-Carolina,3248.31,3031.48,266.55,,,,,49.72,,,,,,,,,,,,,,,,,,,,,,,,,,,,,,,,,,,,,,,
Fort-Wayne,Indiana,,,124.49,1629.87,1628.86,115.94,241.45,125.51,,,125.51,,,102.52,95.73,,,,,,,,,,,,,,,,,,,,,,,,,,,,,,,,
Houston,Texas,,,534.28,5370.60,4993.70,35.91,914.43,911.23,149.51,134.24,953.33,74.81,,,,,,,,,,,,,,,,,,,,,,,,,,,,,,,,,,,
Santa-Fe,New-Mexico,3022.81,2909.19,240.27,,,,98.13,126.64,42.44,14.95,98.13,,,,,,,,,,,,,,,,,,,,,,,,,,,,,,,,,,,,
Chicago,Illinois,,,1096.85,9419.76,8603.08,34.51,134.51,1913.54,,,100.00,,,,,,,,,,,,,,,,,,,,,,,,,,,,,,,,,,,,
Ironton,Ohio,606.63,349.89,256.74,,,,,,,,,,,,,,,,,,,,,,,,,,,,,,,,,,,,,,,,,,,,
Alexandria,Kentucky,55.48,48.58,6.79,,,,,,,,,,,,,,,,,,,,,,,,,,,,,,,,,,,,,,,,,,,,
Harlingen,Texas,,,47.52,729.52,578.88,13.67,138.45,198.16,,,124.77,,,,,,,,,,,,,,,,,,,,,,,,,,,,,,,,,,,,
Jefferson-City,Missouri,1433.15,1360.54,72.61,,,93.07,630.87,,,,537.79,,,,,,,,,,,,,,,,,,,,,,,,,,,,,,,,,,,,
St.-Cloud,Minnesota,,2215.24,396.44,,2126.83,29.21,,484.85,,,2707.95,,2737.17,,,,,,,,,,,,,,,,,,,,,,,,,,,,,,,,,,
Cedar-Rapids,Iowa,,,490.22,3207.66,3175.72,22.84,490.22,522.15,,,467.39,,,,,,,,,,,,,,,,,,,,,,,,,,,,,,,,,,,,
Kane,Pennsylvania,,,6.38,167.15,28.73,,,145.10,,,,,,,,,,,,,,,,,,,,,,,,,,,,,,,,,,,,,,,
Champaign,Illinois,,,196.75,1757.85,1531.04,,,423.57,,,,,,,,,,,,,,,,,,,,,,,,,,,,,,,,,,,,,,,
Fredericksburg,Virginia,2842.71,2673.13,169.58,,,,,,,,,,,,,,,,,,,,,,,,,,,,,,,,,,,,,,,,,,,,
Farmington,New-Mexico,,16528.10,714.28,,16525.89,792.28,,716.49,,,20638.01,,21430.29,,,,,,,,,,,,,,,,,,,,,,,,,,,,,,,,,,
Bend,Oregon,1515.22,1447.60,67.63,,,,,,,,,,,,,,,,,,,,,,,,,,,,,,,,,,,,,,,,,,,,
Virginia-Beach,Virginia,2673.13,2660.86,396.79,,,,624.66,384.52,,,624.66,,,,,,,,,,,,,,,,,,,,,,,,,,,,,,,,,,,,
Eagar,Arizona,596.24,541.39,54.64,,,,,,,,,,,,,,,,,,,,,,,,,,,,,,,,,,,,,,,,,,,,
Flora,Illinois,3649.01,3504.74,144.27,,,,,,,,,,,,,,,,,,,,,,,,,,,,,,,,,,,,,,,,,,,,
Panama-City,Florida,1680.73,1547.21,86.08,,,,,,,,,,,,,,,,,,,,,,,,,,,,,,,,,,,,,,,,,,,,
Marquette,Michigan,,,775.09,6987.04,6580.57,83.35,498.45,1181.57,,,415.10,,,,,,,,,,,,,,,,,,,,,,,,,,,,,,,,,,,,
Coos-Bay,Oregon,1565.00,1315.63,249.37,,,,,,,,,,,,,,,,,,,,,,,,,,,,,,,,,,,,,,,,,,,,
Cumberland,Maryland,3903.13,3795.69,999.74,,,,,892.24,,,,,,,,,,,,,,,,,,,,,,,,,,,,,,,,,,,,,,,
Rancho-Mirage,California,6087.22,5760.69,326.37,,,,373.76,,,,373.76,,,,,,,,,,,,,,,,,,,,,,,,,,,,,,,,,,,,
Garden-City,Kansas,,1547.07,186.69,,1551.23,,,182.52,,,,7194.79,,,,7194.79,,,,,,,,,,,,,,,,,,,,,,,,,,,,,,,
Alexandria,Louisiana,,582.55,107.43,,690.00,69.34,,,,,3261.91,33.39,3297.86,,,,,,,,,,,,,,,,,,,,,,,,,,,,,,,,,,
Dover,New-Jersey,,,51.34,947.87,452.19,,,547.02,0.56,0.56,,,,,,,,,,,,,,,,,,,,,,,,,,,,,,,,,,,,,
Santa-Clarita,California,289.59,269.84,19.75,,,,,,,,,,,,,,,,,,,,,,,,,,,,,,,,,,,,,,,,,,,,
Heyworth,Illinois,2634.46,2472.97,161.49,,,,,,,,,,,,,,,,,,,,,,,,,,,,,,,,,,,,,,,,,,,,
Southaven,Mississippi,1469.00,1330.96,138.06,,,,,,,,,,,,,,,,,,,,,,,,,,,,,,,,,,,,,,,,,,,,
Spokane,Washington,1837.11,1828.35,194.28,,,,,185.52,,,,,,,,,,,,,,,,,,,,,,,,,,,,,,,,,,,,,,,
Roanoke,Virginia,945.39,854.86,90.54,,,23.19,323.09,,,,299.91,,,,,,,,,,,,,,,,,,,,,,,,,,,,,,,,,,,,
Chesapeake,Virginia,2403.11,2268.03,146.11,,,0.50,2.47,11.03,0.80,0.69,1.96,,,,,,,,,,,,,,,,,,,,,,,,,,,,,,,,,,,,
Winchester,Virginia,,,1099.01,8491.24,7653.36,,,1936.93,,,,,,,,,,,,,,,,,,,,,,,,,,,,,,,,,,,,,,,
Wausau,Wisconsin,,,256.48,2304.50,1947.04,,,613.96,,,,,,,,,,,,,,,,,,,,,,,,,,,,,,,,,,,,,,,
Eufaula,Alabama,927.32,869.16,58.16,,,,,,,,,,,,,,,,,,,,,,,,,,,,,,,,,,,,,,,,,,,,
Santa-Maria,California,520.23,500.54,19.69,,,,,,,,,,,,,,,,,,,,,,,,,,,,,,,,,,,,,,,,,,,,
Richland,Missouri,604.46,532.03,72.42,,,,,,,,,,,,,,,,,,,,,,,,,,,,,,,,,,,,,,,,,,,,
Newport-News,Virginia,,2540.93,330.70,,2826.68,,2809.75,44.96,,,,261.64,,,,3071.40,,,,,,,,,,,,,,,,,,,,,,,,,,,,,,,
Pine-Hill,New-Jersey,676.97,613.13,63.84,,,,,,,,,,,,,,,,,,,,,,,,,,,,,,,,,,,,,,,,,,,,
Dunbar,West-Virginia,,18.47,,,,,,,,,,,,,,,,,,,,,,,,,,,,,,,,,,,,,,18.47,,,,,,,
Lafayette,Louisiana,3826.36,3462.31,364.05,,,48.70,48.70,,,,,,,9.19,8.08,,,,,,,,,,,,,,,,,,,,,,,,,,,,,,,,
Dubuque,Iowa,4685.07,4551.60,342.02,,,,,208.56,,,,,,,,,,,,,,,,,,,,,,,,,,,,,,,,,,,,,,,
Charleston,West-Virginia,2086.23,1988.50,97.73,,,,319.88,,,,,,,,,,,,,,,,,,,,,,,,,,,,,,,,,,,,,,,,
Shreveport,Louisiana,1084.06,660.08,423.98,,,,18.92,,,,18.92,,,,,,,,,,,,,,,,,,,,,,,,,,,,,,,,,,,,
West-Plains,Missouri,679.45,592.00,89.32,,,,,1.87,,,,,,,,,,,,,,,,,,,,,,,,,,,,,,,,,,,,,,,
Abilene,Texas,2075.53,1838.61,236.92,,,,,,,,,,,,,,,,,,,,,,,,,,,,,,,,,,,,,,,,,,,,
Bridgeport,West-Virginia,,,64.80,695.54,547.16,,,213.19,,,,,,,,,,,,,,,,,,,,,,,,,,,,,,,,,,,,,,,
Clementon,New-Jersey,1208.39,1087.75,120.84,,,,,,,,,,,,,,,,,,,,,,,,,,,,,,,,,,,,,,,,,,,,
Beaumont,California,4353.33,4242.39,113.49,,,,,2.55,,,,,,,,,,,,,,,,,,,,,,,,,,,,,,,,,,,,,,,
Dayton,Ohio,1497.97,1407.37,90.59,,,,,,,,,,,,,,,,,,,,,,,,,,,,,,,,,,,,,,,,,,,,
Norfolk,Virginia,,,1198.25,5739.35,5433.38,162.60,645.87,1504.23,,,483.27,,,,,,,,,,,,,,,,,,,,,,,,,,,,,,,,,,,,
Burnsville,North-Carolina,746.21,621.74,124.47,,,,,,,,,,,,,,,,,,,,,,,,,,,,,,,,,,,,,,,,,,,,
Manchester,New-Hampshire,,,318.26,3984.43,3884.19,,,418.50,,,,,,,,,,,,,,,,,,,,,,,,,,,,,,,,,,,,,,,
Harahan,Louisiana,368.65,346.49,22.16,,,,,,,,,,,,,,,,,,,,,,,,,,,,,,,,,,,,,,,,,,,,
Bettendorf,Iowa,,,540.40,3668.86,2893.58,,,1315.68,,,,,,,,,,,,,,,,,,,,,,,,,,,,,,,,,,,,,,,
Dayton,Kentucky,,914.60,32.98,,769.30,75.77,,178.28,,,915.85,,991.62,,,,,,,,,,,,,,,,,,,,,,,,,,,,,,,,,,
New-Iberia,Louisiana,1114.32,1038.45,75.88,,,,,,78.65,78.37,,,,,,,,,,,,,,,,,,,,,,,,,,,,,,,,,,,,,
Charleston,Illinois,408.61,352.19,56.42,,,,,,,,,,,,,,,,,,,,,,,,,,,,,,,,,,,,,,,,,,,,
Canyon,Texas,799.31,799.31,,,,,,,,,,,,,,,,,,,,,,,,,,,,,,,,,,,,,,,,,,,,,
Logan,Utah,218.73,174.34,44.39,,,,,,,,,,,,,,,,,,,,,,,,,,,,,,,,,,,,,,,,,,,,
Dodge-City,Kansas,,2608.88,1405.29,,4014.17,122.20,,,,,4474.62,,4596.81,,,,,,,,,,,,,,,,,,,,,,,,,,,,,,,,,,
Osseo,Wisconsin,3300.72,3016.71,284.01,,,,,,,,,,,,,,,,,,,,,,,,,,,,,,,,,,,,,,,,,,,,
Boulder,Colorado,1187.92,1003.34,184.58,,,,,,,,,,,,,,,,,,,,,,,,,,,,,,,,,,,,,,,,,,,,
Anaheim,California,7216.01,6988.43,1036.59,,,,720.72,809.01,,,720.72,,,,,,,,,,,,,,,,,,,,,,,,,,,,,,,,,,,,
Kingsport,Tennessee,,,319.71,4630.57,4455.34,,,494.95,,,,,,,,,,,,,,,,,,,,,,,,,,,,,,,,,,,,,,,
Fairview-Heights,Illinois,153.04,99.06,53.98,,,,,,,,,,,,,,,,,,,,,,,,,,,,,,,,,,,,,,,,,,,,
Austin,Indiana,1688.68,1688.68,,,,,,,,,,,,,,,,,,,,,,,,,,,,,,,,,,,,,,,,,,,,,
Brawley,California,,,61.35,731.96,472.83,,,320.51,,,,,,,,,,,,,,,,,,,,,,,,,,,,,,,,,,,,,,,
Center,Texas,,,136.23,2531.40,1894.69,,,772.95,,,,,,,,,,,,,,,,,,,,,,,,,,,,,,,,,,,,,,,
Murdo,South-Dakota,557.08,463.47,93.61,,,,,,,,,,,,,,,,,,,,,,,,,,,,,,,,,,,,,,,,,,,,
Big-Lake,Texas,,,,2452.33,2452.33,,,,,,,,,,,,,,,,,,,,,,,,,,,,,,,,,,,,,,,,,,
Clarkston,Washington,2474.71,2412.88,141.15,,,,,79.32,,,,,,,,,,,,,,,,,,,,,,,,,,,,,,,,,,,,,,,
Marion,Illinois,1697.26,1544.35,283.90,,,54.00,269.98,130.99,,,215.98,,,,,,,,,,,,,,,,,,,,,,,,,,,,,,,,,,,,
Marina,California,2911.64,2862.25,49.38,,,,,,,,,,,,,,,,,,,,,,,,,,,,,,,,,,,,,,,,,,,,
Westbrook,Maine,,,278.13,4221.19,2790.97,,126.40,1708.35,,,126.40,,,,,,,,,,,,,,,,,,,,,,,,,,,,,,,,,,,,
Escanaba,Michigan,446.13,405.43,40.71,,,,,,,,,,,,,,,,,,,,,,,,,,,,,,,,,,,,,,,,,,,,
Rayville,Louisiana,2162.92,1453.08,709.84,,,,,,,,,,,,,,,,,,,,,,,,,,,,,,,,,,,,,,,,,,,,
Bargersville,Indiana,3749.38,3749.38,,,,,,,38.51,20.93,,,,,,,,,,,,,,,,,,,,,,,,,,,,,,,,,,,,,
Knoxville,Tennessee,2308.93,1950.48,358.45,,,29.95,582.37,,,,552.43,,,,,,,,,,,,,,,,,,,,,,,,,,,,,,,,,,,,
Eureka,California,3070.42,2269.23,801.20,,,,,,,,,,,,,,,,,,,,,,,,,,,,,,,,,,,,,,,,,,,,
Roswell,New-Mexico,185.21,148.98,36.23,,,,,,,,,,,,,,,,,,,,,,,,,,,,,,,,,,,,,,,,,,,,
Casper,Wyoming,276.00,256.36,21.35,,,,,1.69,,,,,,,,,,,,,,,,,,,,,,,,,,,,,,,,,,,,,,,
Elizabethtown,Kentucky,,,93.57,1786.06,1784.87,,,94.72,,,,,,2.34,1.68,,,,,,,,,,,,,,,,,,,,,,,,,,,,,,,,
Bloomfield,Indiana,,726.96,166.52,,,,,,,,,,,,,,,,,,,,,,,,,,,,,,,,,,,,,893.48,,,,,,,
Monroe,Louisiana,2995.09,2822.32,964.10,,,557.51,1336.11,791.35,,,1302.07,523.47,,,,,,,,,,,,,,,,,,,,,,,,,,,,,,,,,,,
Sedalia,Missouri,,,188.45,3728.70,3031.86,,,885.29,,,,,,,,,,,,,,,,,,,,,,,,,,,,,,,,,,,,,,,
Houghton,Michigan,,,56.36,1748.52,1664.30,,,140.57,,,,,,,,,,,,,,,,,,,,,,,,,,,,,,,,,,,,,,,
Waynesville,North-Carolina,613.84,514.05,99.79,,,,,,,,,,,,,,,,,,,,,,,,,,,,,,,,,,,,,,,,,,,,
International-Falls,Minnesota,1673.38,1616.76,87.76,,,,,31.15,,,,,,,,,,,,,,,,,,,,,,,,,,,,,,,,,,,,,,,
Harrisonburg,Virginia,116.78,,116.78,,,,,,,,,,,,,,,,,,,,,,,,,,,,,,,,,,,,,,,,,,,,
