city,state,grocery stores per 10k,convenience stores (no gas) per 10k,convenience stores (with gas) per 10k,full-service restaurants per 10k,supercenters and club stores per 10k
Nevada-City,California,2.58,0.93,1.65,10.1,
Port-Jervis,New-York,3.0,1.22,2.5,8.34,0.11
Richmond,California,1.78,0.51,1.75,6.73,0.05
Kansas-City,Missouri,1.64,0.6,2.78,6.91,0.15
Annapolis,Maryland,1.55,1.1,2.27,5.82,0.12
Durango,Colorado,2.02,0.81,4.85,15.5,0.2
Murfreesboro,Tennessee,1.16,0.37,4.03,6.48,0.17
Mars-Hill,Maine,4.03,2.22,7.78,9.17,0.14
Lincoln,Nebraska,1.53,0.15,3.64,6.22,0.15
Bloomfield,New-Mexico,0.82,0.41,5.73,5.07,0.16
Junction,Texas,4.5,4.5,18.0,22.5,
Yakima,Washington,2.24,0.99,3.45,5.17,0.3
Largo,Florida,2.19,1.82,2.66,8.95,0.07
Portales,New-Mexico,0.52,,3.66,5.23,0.52
Roselle,Illinois,1.89,1.05,2.16,7.24,0.09
Los-Angeles,California,2.12,0.58,1.23,7.15,0.03
Conway,Arkansas,1.15,0.48,4.12,7.1,0.19
Tucson,Arizona,1.22,0.52,2.27,6.17,0.09
Shirley,New-York,3.4,1.44,1.69,8.15,0.06
Bloomington,Indiana,1.88,0.55,3.06,8.15,0.08
Douglas,Georgia,1.49,1.74,9.96,4.48,0.25
Plymouth,Massachusetts,1.74,2.84,2.2,7.37,0.04
Gillette,Wyoming,1.48,,4.7,4.7,
Birmingham,Alabama,2.05,0.99,5.77,5.42,0.18
Santa-Rosa,California,2.81,1.02,1.99,10.1,0.04
Queensbury,New-York,4.7,0.46,5.92,20.6,0.15
Emlenton,Pennsylvania,2.74,0.91,3.1,6.39,0.18
Jackson,Wisconsin,1.25,0.16,3.83,7.11,0.08
South-Chicago-Heights,Illinois,2.77,0.93,1.53,6.67,0.04
Cheboygan,Michigan,2.62,3.74,6.36,11.9,0.37
Homewood,Alabama,2.05,0.99,5.77,5.42,0.18
Danbury,Connecticut,2.5,0.85,1.7,9.67,0.06
Oakland,Tennessee,1.08,0.81,4.31,5.12,
La-Crosse,Wisconsin,1.52,,3.5,7.53,0.18
Rehoboth-Beach,Delaware,2.45,0.98,4.62,12.8,0.16
Douglas,Arizona,1.25,0.63,4.38,7.82,
Taos,New-Mexico,2.22,0.63,4.13,17.4,
Salisbury,Maryland,1.61,1.72,3.97,6.54,0.32
Fort-Lauderdale,Florida,2.05,1.53,2.24,8.0,0.09
Bloomingdale,Illinois,1.89,1.05,2.16,7.24,0.09
Cincinnati,Ohio,1.82,1.49,2.66,7.48,0.12
Waukesha,Wisconsin,1.51,0.13,2.8,7.47,0.03
Springfield,Illinois,1.44,0.26,3.46,8.05,0.15
Carol-Stream,Illinois,1.89,1.05,2.16,7.24,0.09
Rock-Island,Illinois,1.56,0.88,4.01,7.54,0.07
Early,Texas,1.83,0.78,9.41,8.36,0.26
Decatur,Alabama,1.92,0.44,7.75,4.7,0.17
Winfield,Illinois,1.89,1.05,2.16,7.24,0.09
Jackson,Ohio,2.41,1.2,5.12,5.12,0.3
West-Memphis,Arkansas,2.69,0.19,4.8,2.88,0.19
Elkhart,Indiana,1.82,0.15,3.19,6.83,0.2
Edison,New-Jersey,2.82,2.2,0.88,6.09,0.05
Chico,California,2.29,0.82,2.25,6.1,0.09
Mineral-Springs,Arkansas,2.86,0.72,7.15,3.58,0.72
Columbus,Georgia,1.93,0.11,4.82,6.48,0.05
Rochester,New-York,2.39,0.96,2.32,7.54,0.1
Pinellas-Park,Florida,2.19,1.82,2.66,8.95,0.07
Sioux-Falls,South-Dakota,1.31,0.51,4.62,6.28,0.17
Crestview,Florida,1.82,0.55,4.64,9.66,0.22
Albertville,Minnesota,1.28,0.34,3.59,6.16,0.09
Prosser,Washington,1.2,0.63,3.4,6.11,0.25
Pompano-Beach,Florida,2.05,1.53,2.24,8.0,0.09
Daytona-Beach,Florida,1.8,1.52,3.6,7.5,0.12
Poulsbo,Washington,1.81,1.39,2.23,7.26,0.13
Portland,Tennessee,1.77,0.39,4.26,5.64,0.07
Laredo,Texas,1.86,0.43,3.8,5.57,0.17
Kapaa,Hawaii,3.51,2.55,0.96,13.8,0.16
Las-Vegas,Nevada,1.41,0.96,2.21,5.68,0.08
Trenton,New-Jersey,2.94,1.51,0.63,7.42,0.05
Hillsdale,New-Jersey,2.9,1.51,1.07,8.07,0.06
North-Miami,Florida,2.51,1.2,1.98,6.76,0.06
Shepherd,Texas,0.81,0.4,3.23,1.21,
Sacramento,California,1.85,0.62,1.69,6.68,0.07
Bridgeport,Connecticut,2.5,0.85,1.7,9.67,0.06
Endicott,New-York,1.64,0.67,4.14,8.13,0.1
Newark,Delaware,1.56,1.35,2.13,6.4,0.06
Peoria,Illinois,1.97,0.44,3.33,8.69,0.11
Olympia,Washington,1.72,1.18,2.94,6.97,0.17
Somerton,Arizona,1.95,0.58,2.53,4.11,0.11
Cleveland,Tennessee,1.57,0.52,6.82,5.77,0.1
Washburn,Maine,4.03,2.22,7.78,9.17,0.14
Guymon,Oklahoma,3.02,1.01,4.52,9.05,
Lemon-Grove,California,1.94,0.77,1.65,7.56,0.06
Omaha,Nebraska,1.57,0.3,3.11,7.9,0.14
Edinburg,Texas,1.12,0.95,3.4,4.78,0.09
North-Platte,Nebraska,1.41,0.56,6.49,8.18,0.28
Encinitas,California,1.94,0.77,1.65,7.56,0.06
Clarkston,Georgia,1.75,0.82,3.53,7.09,0.04
Batesville,Mississippi,1.69,3.11,10.1,5.37,0.28
Hayward,Wisconsin,2.93,1.17,9.96,27.5,0.59
Louisville,Tennessee,1.34,0.42,5.1,6.27,0.08
Fairview,Tennessee,1.81,0.3,3.26,8.69,0.18
San-Antonio,Texas,1.02,1.14,3.06,6.75,0.12
Lowell,Massachusetts,1.71,2.14,1.38,7.84,0.03
Chesapeake-City,Maryland,2.01,1.11,3.32,4.73,
Brady,Texas,2.55,,7.65,12.7,
Idaho-Falls,Idaho,0.93,0.31,4.36,7.68,0.31
Fall-River,Massachusetts,2.0,1.93,2.35,8.2,0.09
Ontario,California,1.5,0.57,1.6,4.69,0.05
Tupelo,Mississippi,2.37,0.75,8.98,8.23,0.37
Christopher,Illinois,1.52,0.51,5.58,6.6,0.25
Arnolds-Park,Iowa,2.4,0.6,6.0,23.4,0.6
Cheyenne,Wyoming,1.04,0.12,3.35,6.36,0.12
Cookeville,Tennessee,2.29,0.57,7.74,8.03,0.29
Bristol,Connecticut,2.46,1.05,2.32,8.63,0.06
Warwick,Rhode-Island,1.37,0.89,3.09,10.0,0.12
Yuma,Arizona,1.95,0.58,2.53,4.11,0.11
Freehold,New-Jersey,2.57,1.82,0.8,9.71,0.08
Vienna,Virginia,1.81,1.29,1.62,6.9,0.03
Box-Elder,Montana,1.21,0.6,4.84,6.65,
Indianapolis,Indiana,1.71,0.35,3.01,7.24,0.23
Alpine,Texas,6.49,,4.33,12.9,
Levelland,Texas,0.9,0.45,4.96,4.51,
Texico,New-Mexico,1.33,0.44,4.89,5.78,0.22
East-Providence,Rhode-Island,2.06,1.5,2.1,7.96,0.02
Redmond,Oregon,2.21,0.98,2.02,12.4,0.33
Albany,New-York,2.51,1.07,3.15,10.1,0.07
Fern-Park,Florida,1.54,1.08,2.96,8.03,0.12
Santa-Fe-Springs,California,2.12,0.58,1.23,7.15,0.03
Charleston,South-Carolina,2.56,0.55,4.08,11.4,0.15
Toledo,Ohio,1.67,2.22,2.98,7.55,0.14
Collegeville,Pennsylvania,1.63,1.16,1.77,7.61,0.05
Ashland,Kentucky,2.27,0.21,6.19,6.81,0.21
Atascadero,California,2.29,0.69,2.22,11.0,0.04
Boston,Massachusetts,2.47,3.29,0.74,10.5,
College-Station,Texas,1.23,1.29,4.1,6.38,0.12
Mitchell,South-Dakota,1.58,0.53,6.85,8.43,0.53
Rowlett,Texas,1.64,1.15,2.82,6.73,0.1
Pittsfield,Massachusetts,2.54,1.61,4.08,15.0,
Dover,Delaware,1.58,1.19,3.43,4.81,0.13
Myrtle-Beach,South-Carolina,2.24,0.68,6.57,18.3,0.28
Columbia,Maryland,1.54,0.7,1.91,5.5,0.07
Stamford,Connecticut,2.5,0.85,1.7,9.67,0.06
Hayward,California,2.5,0.67,1.6,8.94,0.03
El-Centro,California,2.49,0.62,3.23,4.85,0.06
Lecanto,Florida,1.36,1.21,3.43,6.15,0.07
Madisonville,Tennessee,1.56,0.89,6.04,6.48,0.22
Florence,South-Carolina,2.81,1.06,7.44,7.14,0.15
Suwanee,Georgia,1.62,0.66,3.94,9.28,0.18
Burlington,Iowa,1.23,0.25,6.65,6.65,0.25
Erie,Pennsylvania,1.65,0.93,2.9,6.98,0.11
Sayre,Oklahoma,2.4,1.44,10.1,11.5,
Ambler,Pennsylvania,1.63,1.16,1.77,7.61,0.05
Superior,Wisconsin,2.06,0.46,5.26,9.15,
Woodstock,Virginia,2.48,1.24,6.45,6.7,0.25
Meadville,Pennsylvania,2.59,0.68,2.59,7.89,0.23
Zanesville,Ohio,1.64,1.06,4.22,6.22,0.23
Show-Low,Arizona,1.71,0.27,4.95,7.92,0.09
Augusta,Georgia,1.87,0.71,5.97,6.68,0.1
Lamesa,Texas,1.45,0.73,2.18,5.09,
Independence,Kentucky,1.72,0.96,3.32,6.9,
Elmira,New-York,1.36,1.59,3.3,7.62,0.11
Hattiesburg,Mississippi,2.16,0.64,7.12,5.47,0.25
San-Francisco,California,3.89,0.59,0.81,19.7,0.01
Marlow-Heights,Maryland,1.7,1.6,1.66,3.24,0.02
Concord,New-Hampshire,1.82,1.22,4.39,7.77,0.14
Marion,Arkansas,2.69,0.19,4.8,2.88,0.19
Sheridan,Wyoming,2.85,0.36,4.28,9.99,0.36
Winston-Salem,North-Carolina,2.04,0.89,4.68,8.47,0.18
Huntley,Illinois,1.4,0.76,2.03,6.29,0.13
Wilkes-Barre,Pennsylvania,2.08,1.09,3.08,9.42,0.06
London,Kentucky,2.79,0.17,5.06,5.23,0.35
Barnesville,Ohio,2.64,1.76,4.69,5.13,0.15
Menasha,Wisconsin,0.74,0.19,3.47,7.5,0.06
Defiance,Ohio,1.29,0.78,4.66,6.73,0.52
Hazleton,Pennsylvania,2.08,1.09,3.08,9.42,0.06
West-Columbia,South-Carolina,1.73,0.54,5.11,7.74,0.16
Lima,Ohio,1.52,1.05,3.71,5.23,0.29
Elizabeth-City,North-Carolina,2.95,0.25,4.92,9.1,
Cotati,California,2.81,1.02,1.99,10.1,0.04
Cleveland,Ohio,2.33,1.68,2.26,6.88,0.05
Spokane-Valley,Washington,1.8,0.61,2.59,6.16,0.18
Middletown,Rhode-Island,1.48,2.22,1.97,17.2,0.12
Redwood-City,California,2.44,0.56,1.62,10.0,0.06
Durant,Oklahoma,2.04,0.51,7.13,6.87,
Starkville,Mississippi,0.68,0.23,5.91,6.82,0.23
Baton-Rouge,Louisiana,,,,6.35,0.19
Benton-City,Washington,1.2,0.63,3.4,6.11,0.25
East-Chicago,Indiana,1.67,0.61,3.56,5.86,0.08
Orlando,Florida,2.16,1.15,3.43,8.28,0.15
Hot-Springs,Arkansas,1.56,0.62,5.3,12.0,0.21
Dupont,Pennsylvania,2.08,1.09,3.08,9.42,0.06
Rockford,Michigan,1.96,0.9,2.16,6.69,0.3
Warren,Arkansas,3.34,,8.36,5.85,
Tustin,California,1.78,0.49,1.46,8.19,0.06
Russell-Springs,Kentucky,2.92,1.17,9.35,8.76,
Hurley,New-Mexico,1.35,0.67,4.72,8.08,0.34
Santa-Barbara,California,2.61,0.75,1.84,9.65,0.05
Eugene,Oregon,1.95,2.68,1.69,8.4,0.44
Dumas,Texas,2.01,0.5,5.02,7.03,
Hamilton,Texas,3.72,,7.44,7.44,
Tyler,Texas,1.06,1.16,3.69,5.46,0.15
Prescott,Arizona,1.93,0.57,3.25,10.1,0.14
San-Jacinto,California,1.6,0.44,1.51,5.45,0.05
Little-Rock,Arkansas,1.95,0.67,4.57,8.18,0.11
Grants-Pass,Oregon,2.35,2.22,1.48,8.4,0.37
Tampa,Florida,2.25,1.11,3.19,6.5,0.12
Victoria,Texas,0.93,0.58,6.73,7.2,0.23
Lewiston,Idaho,2.83,0.52,3.61,6.96,
Pawtucket,Rhode-Island,2.06,1.5,2.1,7.96,0.02
Folcroft,Pennsylvania,1.86,1.5,1.14,5.66,0.02
Saginaw,Michigan,2.08,2.22,2.72,4.89,0.2
White-Deer,Texas,3.17,1.58,6.33,9.5,
Schaumburg,Illinois,2.77,0.93,1.53,6.67,0.04
Wilmington,North-Carolina,2.31,0.68,4.0,13.7,0.21
Texline,Texas,,,4.89,17.9,
Kalispell,Montana,1.73,0.23,5.19,11.1,0.12
Austin,Texas,1.37,1.45,3.1,7.96,0.08
Milledgeville,Georgia,2.37,0.86,6.69,5.82,
Hopatcong,New-Jersey,1.92,1.65,0.86,6.68,
Atlantic-Highlands,New-Jersey,2.57,1.82,0.8,9.71,0.08
Portage,Michigan,1.68,1.84,2.62,7.24,0.2
Joplin,Missouri,0.78,0.17,5.56,7.65,0.43
Des-Moines,Iowa,1.51,0.19,3.78,7.57,0.17
San-Jose,California,1.99,0.68,1.38,8.59,0.04
Tulsa,Oklahoma,1.51,0.51,2.84,8.37,0.15
Amarillo,Texas,1.25,0.42,5.07,8.97,0.17
Cary,Illinois,1.4,0.76,2.03,6.29,0.13
Waukegan,Illinois,1.71,0.54,2.46,6.47,0.06
Lady-Lake,Florida,1.7,1.17,3.56,5.99,0.07
Bemidji,Minnesota,1.61,0.23,5.76,6.91,0.23
Newport,Rhode-Island,1.48,2.22,1.97,17.2,0.12
Madison,Indiana,2.76,0.31,3.99,7.06,0.31
Fort-Stockton,Texas,2.52,0.63,10.7,8.18,
Hobbs,New-Mexico,1.38,0.69,5.17,7.07,0.17
Marshall,Minnesota,3.65,1.22,3.24,8.1,
Denison,Iowa,3.03,,8.48,6.05,
Fort-Pierce,Florida,1.35,1.11,2.35,5.54,0.12
Spartanburg,South-Carolina,1.78,0.8,5.38,7.59,0.22
Decorah,Iowa,3.35,,5.27,10.0,0.48
Mountain-Home,Arkansas,1.67,0.24,6.93,11.4,0.24
Clarksville,Indiana,1.9,0.57,3.43,6.19,0.19
Florence,Alabama,1.58,1.24,5.65,7.01,0.23
Reston,Virginia,1.81,1.29,1.62,6.9,0.03
Holyoke,Massachusetts,1.95,1.87,2.43,7.27,0.04
Fort-Smith,Arkansas,1.65,0.74,5.27,8.57,0.33
Okeechobee,Florida,2.99,2.24,4.49,5.99,0.25
Paducah,Kentucky,2.01,0.77,5.25,10.0,0.46
Wallington,New-Jersey,2.9,1.51,1.07,8.07,0.06
Walnut,California,2.12,0.58,1.23,7.15,0.03
Garberville,California,3.58,0.47,3.65,9.95,0.08
Aberdeen,Washington,3.51,2.95,4.21,8.99,
Markham,Illinois,2.77,0.93,1.53,6.67,0.04
Delmar,Delaware,2.45,0.98,4.62,12.8,0.16
Carthage,Missouri,0.78,0.17,5.56,7.65,0.43
Phoenix,Arizona,1.3,0.57,1.99,5.86,0.16
Kingman,Arizona,1.23,0.61,3.62,6.84,0.1
Durham,North-Carolina,1.88,1.06,3.49,7.71,0.08
Las-Vegas,New-Mexico,1.75,0.35,4.54,7.34,0.35
Greenfield,Massachusetts,3.63,1.67,3.21,8.1,0.14
Key-West,Florida,3.7,2.06,5.07,27.1,
Corpus-Christi,Texas,0.94,1.22,5.09,8.68,0.09
El-Dorado,Arkansas,2.09,1.62,8.11,5.56,0.23
Spencer,Iowa,1.8,,5.39,8.39,0.6
Twentynine-Palms,California,1.5,0.57,1.6,4.69,0.05
Felton,Delaware,1.58,1.19,3.43,4.81,0.13
Wichita-Falls,Texas,1.17,0.86,3.75,7.04,0.23
West-Chicago,Illinois,1.89,1.05,2.16,7.24,0.09
Jersey-Shore,Pennsylvania,1.71,0.86,3.42,8.13,0.09
Corbin,Kentucky,2.35,1.04,5.22,3.39,0.26
Kennewick,Washington,1.2,0.63,3.4,6.11,0.25
Vallejo,California,1.92,0.52,2.24,5.43,0.1
Wenatchee,Washington,2.83,1.13,3.68,12.3,
Sachse,Texas,1.64,1.15,2.82,6.73,0.1
Union-City,Tennessee,1.59,0.32,4.76,7.94,0.32
Crockett,Texas,1.32,1.76,4.41,3.97,0.44
Coldwater,Michigan,0.87,0.22,3.68,5.2,0.43
West-Palm-Beach,Florida,2.05,1.28,2.25,8.96,0.1
Moses-Lake,Washington,2.19,1.58,5.22,6.07,0.24
Tallulah,Louisiana,,,,3.39,
Gary,Indiana,1.67,0.61,3.56,5.86,0.08
Eatonton,Georgia,1.49,,9.91,8.43,0.5
Merlin,Oregon,2.35,2.22,1.48,8.4,0.37
Stratford,Texas,,,3.47,3.47,
Fargo,North-Dakota,1.38,,3.64,7.14,0.07
Dickinson,North-Dakota,1.78,,5.8,7.58,
Boone,North-Carolina,1.8,0.9,4.5,17.5,
Eden,Texas,2.79,,16.7,5.57,
Columbia,Missouri,1.45,0.26,4.6,10.0,0.13
Convoy,Ohio,2.08,0.69,3.46,5.2,
South-San-Francisco,California,2.44,0.56,1.62,10.0,0.06
Green-Bay,Wisconsin,1.36,0.29,3.74,8.43,0.12
Rockwall,Texas,0.95,0.54,3.12,7.73,0.14
Stockton,California,2.34,0.67,2.02,5.23,0.04
Pensacola,Florida,1.98,1.48,3.92,5.8,0.16
Palm-Springs,California,1.6,0.44,1.51,5.45,0.05
Ames,Iowa,1.17,0.35,3.75,7.27,0.12
Poplar-Bluff,Missouri,2.18,1.46,7.03,6.06,0.24
Bolton,Connecticut,1.36,1.15,2.24,6.57,
Silver-Spring,Maryland,2.16,1.0,1.42,5.91,0.02
Bowling-Green,Kentucky,2.41,0.19,4.14,6.94,0.19
Pocola,Oklahoma,1.62,1.21,7.07,3.84,0.2
Pendleton,Oregon,2.18,1.78,1.91,7.92,0.55
Rogers,Arkansas,1.23,0.35,3.9,6.42,0.3
Grand-Rapids,Michigan,1.96,0.9,2.16,6.69,0.3
Weatherford,Oklahoma,2.31,0.77,7.3,11.9,
Gruver,Texas,3.88,,5.82,13.5,
New-London,Connecticut,1.82,1.36,3.22,10.0,0.11
Gladstone,Missouri,1.56,0.28,3.12,6.38,0.14
Columbia,Louisiana,,,5.82,,
Highlands-Ranch,Colorado,0.81,0.11,1.92,6.38,0.15
Lancaster,California,2.12,0.58,1.23,7.15,0.03
Willmar,Minnesota,1.97,0.74,5.41,5.66,
Louisville,Kentucky,1.79,0.71,2.75,6.86,0.16
Beaufort,South-Carolina,2.52,0.55,3.82,15.8,0.14
Claremont,New-Hampshire,1.41,1.41,6.34,4.93,0.23
Robert-Lee,Texas,5.77,,5.77,14.4,
Oklahoma-City,Oklahoma,2.79,0.41,2.33,8.1,0.17
South-Sioux-City,Nebraska,1.97,0.49,3.45,5.92,
Hebron,Kentucky,1.16,0.8,3.3,8.12,0.27
Fairmont,Minnesota,2.45,,6.36,6.85,
Killeen,Texas,0.94,1.48,4.21,5.15,0.14
Monterey,California,2.82,0.91,2.0,9.24,0.05
Port-St.-Lucie,Florida,1.35,1.11,2.35,5.54,0.12
Harrisburg,Pennsylvania,2.0,0.78,3.52,8.76,0.12
Lafayette,Indiana,1.3,0.68,1.91,7.4,0.25
Parkville,Maryland,1.74,1.12,1.91,4.67,0.09
Murphy,North-Carolina,1.89,0.76,6.81,8.7,0.38
Leesburg,Virginia,1.73,1.01,1.87,6.81,0.11
Easton,Maryland,4.15,1.11,3.6,13.0,
Poughkeepsie,New-York,3.42,1.16,2.63,10.3,0.1
West-Frankfort,Illinois,1.52,0.51,5.58,6.6,0.25
Muscatine,Iowa,2.13,0.24,4.96,8.03,0.24
Coffeyville,Kansas,1.74,0.29,6.38,7.84,0.29
Lansing,Michigan,2.05,1.69,2.41,7.08,0.25
Columbus,Indiana,2.41,0.4,3.49,7.78,0.27
Kansas-City,Kansas,1.5,0.78,3.26,5.4,0.07
Paris,Illinois,2.66,,5.84,3.72,0.53
Darlington,South-Carolina,2.84,1.05,6.74,4.04,0.15
Concord,California,1.78,0.51,1.75,6.73,0.05
Torrance,California,2.12,0.58,1.23,7.15,0.03
Sunny-Isles-Beach,Florida,2.51,1.2,1.98,6.76,0.06
St.-Petersburg,Florida,2.19,1.82,2.66,8.95,0.07
Shelbyville,Tennessee,2.74,0.46,5.7,4.79,0.23
Anderson,South-Carolina,1.89,0.72,6.45,6.78,0.17
Hollywood,Florida,2.05,1.53,2.24,8.0,0.09
Marana,Arizona,1.22,0.52,2.27,6.17,0.09
Bangs,Texas,1.83,0.78,9.41,8.36,0.26
Morehead-City,North-Carolina,2.38,0.48,6.81,15.2,0.32
Minot,North-Dakota,1.61,,3.57,5.9,
Asheville,North-Carolina,2.16,0.93,4.9,10.6,0.04
Bridgeport,Ohio,2.64,1.76,4.69,5.13,0.15
Wilmington,Delaware,1.56,1.35,2.13,6.4,0.06
Detroit,Michigan,2.81,1.48,2.64,5.14,0.09
Pelham,New-Hampshire,1.82,1.65,2.67,8.23,0.12
Lincoln-Park,Michigan,2.81,1.48,2.64,5.14,0.09
Catasauqua,Pennsylvania,1.9,0.77,2.67,7.51,0.09
Raleigh,North-Carolina,2.12,0.82,3.39,7.81,0.12
New-Orleans,Louisiana,4.76,1.49,2.36,,0.07
Greeneville,Tennessee,1.67,0.46,6.68,5.16,
Salt-Lake-City,Utah,1.45,0.47,2.45,5.55,0.16
Hillsdale,Illinois,1.56,0.88,4.01,7.54,0.07
Suitland,Maryland,1.7,1.6,1.66,3.24,0.02
Pacheco,California,1.78,0.51,1.75,6.73,0.05
Lakeland,Florida,1.64,1.82,3.75,4.9,0.1
Huron,South-Dakota,3.18,0.64,8.28,8.91,
Bellingham,Washington,1.77,0.83,3.8,9.57,0.16
Elmwood-Park,Illinois,2.77,0.93,1.53,6.67,0.04
Cave-Junction,Oregon,2.35,2.22,1.48,8.4,0.37
Evanston,Illinois,2.77,0.93,1.53,6.67,0.04
Duluth,Minnesota,1.99,0.1,5.4,8.96,0.1
Crete,Illinois,1.27,0.48,1.82,4.26,0.07
Watertown,South-Dakota,1.52,0.38,7.59,10.6,
Decherd,Tennessee,2.68,0.73,6.57,5.11,0.24
Toms-River,New-Jersey,1.59,1.95,0.87,6.36,0.04
Melbourne-Beach,Florida,1.51,1.4,3.48,7.61,0.17
Newark,New-Jersey,3.95,1.54,0.39,6.0,
Hamlin,Texas,7.61,,2.54,2.54,
Cullman,Alabama,1.24,0.25,6.84,6.59,0.12
Newport,Arkansas,3.49,0.58,3.49,7.57,
Canton,Ohio,1.87,0.9,2.69,6.67,0.13
Allentown,Pennsylvania,1.9,0.77,2.67,7.51,0.09
Martinsville,Virginia,2.34,2.52,7.57,4.69,
Fort-Worth,Texas,1.24,1.14,3.56,5.68,0.15
Millville,New-Jersey,3.15,1.8,1.22,4.18,0.06
Lafayette,Colorado,1.56,0.38,2.35,9.94,0.1
State-College,Pennsylvania,1.39,0.49,2.78,6.19,0.14
Flagstaff,Arizona,1.57,0.47,5.65,12.7,0.08
Newport,North-Carolina,2.38,0.48,6.81,15.2,0.32
West-Portsmouth,Ohio,1.7,2.49,4.45,6.28,
Astoria,Oregon,4.02,1.34,4.02,27.8,0.54
South-Lake-Tahoe,California,1.88,0.97,2.28,9.87,0.06
Montoursville,Pennsylvania,1.71,0.86,3.42,8.13,0.09
Rumford,Maine,2.47,2.29,7.94,9.35,0.35
Jacksonville,Florida,2.66,1.53,3.32,7.25,0.12
Madison,Wisconsin,1.53,0.11,3.24,8.03,0.04
Wynne,Arkansas,2.14,0.54,3.22,4.29,
Waco,Texas,0.97,1.1,5.05,5.57,0.13
Florence,Kentucky,1.16,0.8,3.3,8.12,0.27
Williamsport,Pennsylvania,1.71,0.86,3.42,8.13,0.09
Greencastle,Indiana,1.08,,3.23,4.04,0.27
Belfast,Maine,2.6,1.82,7.02,8.84,
Laramie,Wyoming,0.62,0.93,2.79,9.6,0.31
Moundsville,West-Virginia,3.62,0.3,4.53,4.83,
Lake-City,Florida,0.74,1.03,7.51,4.86,0.15
Surfside-Beach,South-Carolina,2.24,0.68,6.57,18.3,0.28
Franklin-Park,Illinois,2.77,0.93,1.53,6.67,0.04
El-Sobrante,California,1.78,0.51,1.75,6.73,0.05
Bluefield,Virginia,2.06,0.46,9.83,3.43,0.69
Richland,Washington,1.2,0.63,3.4,6.11,0.25
Christiansburg,Virginia,1.57,1.12,4.16,8.2,0.11
Springfield,Ohio,1.57,1.43,2.85,2.99,0.07
Lake-Charles,Louisiana,,,4.82,,
Nutley,New-Jersey,3.95,1.54,0.39,6.0,
Bear,Delaware,1.56,1.35,2.13,6.4,0.06
Laurens,South-Carolina,1.44,2.73,4.6,3.74,
Wichita,Kansas,1.33,0.34,2.38,6.44,0.13
Carbondale,Illinois,2.4,0.52,3.95,9.27,0.17
Anderson,Indiana,1.6,0.23,4.19,6.25,0.08
Niceville,Florida,1.82,0.55,4.64,9.66,0.22
Indianola,Mississippi,3.23,0.97,7.1,1.61,
Chino-Valley,Arizona,1.93,0.57,3.25,10.1,0.14
Grand-Junction,Colorado,1.58,0.29,3.38,7.27,0.22
Springdale,Arkansas,1.29,0.21,3.41,9.8,0.21
Grayville,Illinois,4.58,,6.11,3.05,
Naperville,Illinois,1.89,1.05,2.16,7.24,0.09
Clinton,Oklahoma,2.31,0.77,7.3,11.9,
Jacksonville,North-Carolina,1.35,0.8,3.67,5.45,0.12
Geneseo,Illinois,2.42,0.81,6.65,8.87,0.2
Manchester,Tennessee,2.9,0.58,7.15,8.7,0.39
Walla-Walla,Washington,2.45,0.7,1.93,5.95,0.18
Struthers,Ohio,2.5,1.42,2.66,6.66,0.04
Richardson,Texas,1.64,1.15,2.82,6.73,0.1
Haskell,Texas,5.74,1.91,3.83,11.4,
Independence,Missouri,1.64,0.6,2.78,6.91,0.15
Shiprock,New-Mexico,0.82,0.41,5.73,5.07,0.16
Topeka,Kansas,2.02,0.58,3.23,6.0,0.17
Concordia,Missouri,2.45,0.61,5.2,7.65,
Bristol,Tennessee,1.3,0.39,4.89,5.93,0.13
Brea,California,1.78,0.49,1.46,8.19,0.06
Kingston,Tennessee,1.5,0.94,5.82,4.13,0.19
Dallas,Texas,1.64,1.15,2.82,6.73,0.1
Jamestown,North-Dakota,2.44,,4.4,11.7,
Traverse-City,Michigan,2.69,1.64,3.63,9.6,0.23
Decatur,Arkansas,1.23,0.35,3.9,6.42,0.3
St.-Louis,Missouri,2.76,,2.47,8.94,
Aspermont,Texas,7.09,7.09,7.09,,
Cleveland,Oklahoma,1.83,0.61,5.48,4.87,
Sioux-City,Iowa,1.86,0.29,4.51,8.24,0.29
Steeleville,Illinois,2.44,0.31,5.49,7.94,0.31
Fairmont,West-Virginia,1.77,1.06,5.82,5.12,
Springfield,Oregon,1.95,2.68,1.69,8.4,0.44
Eau-Claire,Wisconsin,1.64,0.1,4.1,7.38,0.31
Pocatello,Idaho,1.13,0.38,3.63,5.88,0.25
Long-Branch,New-Jersey,2.57,1.82,0.8,9.71,0.08
Absecon,New-Jersey,2.52,2.04,0.89,11.5,0.07
Bartlett,Illinois,2.77,0.93,1.53,6.67,0.04
La-Habra,California,1.78,0.49,1.46,8.19,0.06
Tucumcari,New-Mexico,2.23,1.12,13.4,7.82,
Logan,New-Mexico,2.23,1.12,13.4,7.82,
Belleville,Illinois,1.8,0.65,3.56,5.93,0.04
Tallahassee,Florida,1.64,0.8,4.04,7.48,0.15
San-Luis,Arizona,1.95,0.58,2.53,4.11,0.11
Biloxi,Mississippi,1.53,0.34,4.48,6.46,0.17
Truth-or-Consequences,New-Mexico,1.63,,5.71,10.6,
Oak-Grove,Missouri,1.64,0.6,2.78,6.91,0.15
Bowie,Maryland,1.7,1.6,1.66,3.24,0.02
Stamford,Texas,1.56,0.52,4.15,1.56,
Kennett,Missouri,5.06,0.32,7.91,8.54,0.32
Henderson,Nevada,1.41,0.96,2.21,5.68,0.08
Atlanta,Illinois,2.35,,3.69,7.71,
Durham,New-Hampshire,1.73,2.48,3.8,8.17,0.08
Texarkana,Texas,1.64,0.44,5.03,4.92,0.22
Ocean-City,Maryland,3.86,3.86,5.28,30.6,0.2
Amherst,Ohio,1.82,1.19,2.68,5.15,0.13
Collinsville,Illinois,1.8,0.67,3.74,7.11,0.04
Centerville,Georgia,1.6,1.07,4.81,6.03,0.15
Rock-Hill,South-Carolina,1.92,0.77,4.65,5.61,0.1
Valdese,North-Carolina,2.25,1.13,5.52,5.18,
Titusville,Florida,1.51,1.4,3.48,7.61,0.17
Columbus,Ohio,2.25,1.31,2.55,6.54,0.1
San-Bernardino,California,1.5,0.57,1.6,4.69,0.05
Tacoma,Washington,1.71,1.36,1.97,6.61,0.17
Dalton,Massachusetts,2.54,1.61,4.08,15.0,
Muskogee,Oklahoma,2.25,0.84,4.51,6.48,
Chadron,Nebraska,2.27,1.13,5.67,10.2,1.13
Carlsbad,New-Mexico,1.96,0.78,5.3,6.08,0.39
Ashland,Oregon,1.66,2.26,1.66,10.0,0.3
Aurora,Illinois,1.61,0.54,1.95,5.9,0.08
Atlantic-City,New-Jersey,2.52,2.04,0.89,11.5,0.07
Harrisburg,Illinois,2.69,0.77,5.76,6.14,
Prescott-Valley,Arizona,1.93,0.57,3.25,10.1,0.14
Riverside,California,1.6,0.44,1.51,5.45,0.05
Dallas,Georgia,0.78,0.31,2.82,4.31,0.24
Wyoming,Michigan,1.96,0.9,2.16,6.69,0.3
Youngstown,Ohio,2.5,1.42,2.66,6.66,0.04
Cleveland,Texas,2.27,1.87,4.27,4.54,0.13
Wildwood,New-Jersey,3.94,3.01,1.14,24.7,
Attleboro,Massachusetts,2.0,1.93,2.35,8.2,0.09
Swansboro,North-Carolina,1.35,0.8,3.67,5.45,0.12
Longview,Texas,1.63,1.37,7.87,7.79,0.26
Augusta,Maine,1.99,1.41,6.38,8.7,0.17
Las-Cruces,New-Mexico,0.96,0.2,2.73,5.35,0.15
Irvine,California,1.78,0.49,1.46,8.19,0.06
Somerdale,New-Jersey,3.0,1.86,1.02,5.2,0.04
Wisconsin-Rapids,Wisconsin,1.22,,4.61,8.81,0.14
Butte,Montana,1.53,,3.99,12.5,0.31
Lake-Orion,Michigan,2.44,1.35,2.43,8.18,0.18
New-Bedford,Massachusetts,2.0,1.93,2.35,8.2,0.09
South-Plainfield,New-Jersey,2.82,2.2,0.88,6.09,0.05
Akron,Ohio,1.54,0.77,2.67,6.2,0.07
New-Berlin,Illinois,1.44,0.26,3.46,8.05,0.15
Tye,Texas,0.95,0.63,6.09,6.33,0.16
Chattanooga,Tennessee,2.06,0.61,4.73,7.85,0.09
Medford,Oregon,1.66,2.26,1.66,10.0,0.3
Iowa-City,Iowa,2.07,0.32,3.67,9.8,0.08
Port-Angeles,Washington,2.42,1.99,2.13,11.0,0.14
Frederick,Maryland,1.65,0.94,2.14,5.62,0.09
Springfield,Massachusetts,1.95,1.87,2.43,7.27,0.04
Red-Bank,New-Jersey,2.57,1.82,0.8,9.71,0.08
Quincy,Illinois,1.8,,3.89,6.29,0.15
Glassboro,New-Jersey,1.86,2.52,0.95,4.59,0.11
Waterville,Maine,1.99,1.41,6.38,8.7,0.17
Harrison,Arkansas,1.36,0.55,5.46,7.37,0.27
Gulfport,Mississippi,1.53,0.34,4.48,6.46,0.17
Bergenfield,New-Jersey,2.9,1.51,1.07,8.07,0.06
Chicopee,Massachusetts,1.95,1.87,2.43,7.27,0.04
Gaston,North-Carolina,3.37,1.45,4.82,4.34,
South-Charleston,West-Virginia,2.46,0.52,5.13,6.9,0.16
Carson-City,Nevada,,,,9.87,0.37
Milton,Georgia,1.91,0.59,3.0,11.1,0.07
Council-Bluffs,Iowa,1.68,0.11,5.71,4.92,0.22
Throop,Pennsylvania,2.01,1.39,2.72,9.32,0.1
La-Grande,Oregon,3.64,1.62,2.43,8.89,0.4
Madras,Oregon,3.39,2.91,3.39,6.79,0.48
Waterbury,Connecticut,2.04,1.14,2.2,9.05,0.08
Portland,Maine,2.62,2.44,3.82,12.0,0.11
Johnson-City,Tennessee,1.72,0.09,5.07,8.16,0.26
Easthampton,Massachusetts,2.07,1.55,1.94,10.2,0.06
Georgetown,Delaware,2.45,0.98,4.62,12.8,0.16
Clovis,New-Mexico,1.33,0.44,4.89,5.78,0.22
Newark,California,2.5,0.67,1.6,8.94,0.03
Honolulu,Hawaii,2.17,1.4,1.57,8.15,0.1
Corinth,Mississippi,1.69,0.56,6.18,8.43,0.28
Lufkin,Texas,1.21,0.61,4.72,4.48,0.24
Roebuck,South-Carolina,1.78,0.8,5.38,7.59,0.22
Altus,Oklahoma,0.78,1.17,5.45,6.23,0.39
Philadelphia,Pennsylvania,3.15,1.18,1.16,6.85,0.02
Seattle,Washington,2.37,1.19,2.16,10.9,0.16
San-Angelo,Texas,1.31,1.13,6.38,7.32,0.19
Milwaukee,Wisconsin,2.13,0.7,2.75,6.36,0.03
Nacogdoches,Texas,2.25,1.13,4.66,5.95,0.16
Mill-Valley,California,2.59,0.61,1.3,11.9,0.04
Allentown,New-Jersey,2.57,1.82,0.8,9.71,0.08
Cameron,Missouri,1.43,,5.24,5.24,
Trenton,Georgia,3.1,2.48,8.69,7.45,
Woodward,Oklahoma,1.52,1.52,8.64,13.7,0.51
Carbondale,Colorado,1.5,0.19,5.62,15.1,0.19
Columbus,Nebraska,2.2,0.31,6.6,6.92,
Miami-Beach,Florida,2.51,1.2,1.98,6.76,0.06
St.-George,Utah,1.05,0.3,3.0,5.47,0.22
Scranton,Pennsylvania,2.01,1.39,2.72,9.32,0.1
Spearfish,South-Dakota,2.14,0.43,5.13,13.6,
Beacon-Falls,Connecticut,2.04,1.14,2.2,9.05,0.08
Highland,Indiana,1.67,0.61,3.56,5.86,0.08
Caribou,Maine,4.03,2.22,7.78,9.17,0.14
Marfa,Texas,1.33,2.66,3.99,11.9,
Anchorage,Alaska,,,,7.13,0.32
Bentonville,Arkansas,1.23,0.35,3.9,6.42,0.3
Levittown,New-York,4.11,1.49,1.29,9.01,0.05
Blacksburg,Virginia,1.57,1.12,4.16,8.2,0.11
Manchester,Connecticut,2.46,1.05,2.32,8.63,0.06
Fruitland-Park,Florida,1.7,1.17,3.56,5.99,0.07
Paterson,New-Jersey,4.33,1.31,0.65,5.72,0.04
Albuquerque,New-Mexico,1.35,0.18,3.01,6.96,0.18
Beach-Park,Illinois,1.71,0.54,2.46,6.47,0.06
Janesville,Wisconsin,1.38,0.5,4.08,8.16,0.13
Jackson,Tennessee,1.87,0.42,6.23,7.48,0.21
Grandview,Missouri,1.64,0.6,2.78,6.91,0.15
Melbourne,Arkansas,3.09,,5.41,5.41,
Valdosta,Georgia,1.28,1.67,6.2,8.07,0.2
Meadow,Utah,4.2,0.84,10.9,5.04,
Merced,California,2.37,1.06,2.17,4.09,0.04
Billings,Montana,1.14,0.21,4.72,7.3,0.21
Fort-Myers,Florida,1.96,0.85,2.84,8.64,0.19
Greenville,Mississippi,2.52,0.9,6.29,5.39,0.18
Hilo,Hawaii,2.09,1.97,2.55,8.29,0.06
Millinocket,Maine,2.29,2.56,5.72,7.41,0.13
Portland,Oregon,1.74,2.55,1.27,14.2,0.23
Bellmawr,New-Jersey,3.0,1.86,1.02,5.2,0.04
Lubbock,Texas,0.95,0.46,3.25,5.65,0.15
Charlotte,North-Carolina,2.14,0.96,2.84,9.31,0.12
Dalton,Georgia,2.91,1.19,6.59,7.77,0.11
Dothan,Alabama,1.65,0.1,7.01,7.21,0.31
Vermillion,South-Dakota,1.49,,6.69,11.1,
Millbrook,Alabama,1.55,0.39,6.72,4.14,0.13
Worcester,Massachusetts,1.73,1.79,2.22,7.27,0.05
Montgomery,Alabama,1.68,0.35,4.78,6.37,0.18
West-Haven,Connecticut,2.04,1.14,2.2,9.05,0.08
Brooklyn,Ohio,2.33,1.68,2.26,6.88,0.05
Dalhart,Texas,,,4.89,17.9,
Clinton,Maryland,1.7,1.6,1.66,3.24,0.02
Rockford,Illinois,1.78,0.54,3.49,7.42,0.1
Waterloo,Iowa,1.65,0.39,4.64,7.39,0.24
Hopkinsville,Kentucky,2.22,0.25,1.97,4.57,0.25
Gainesville,Florida,1.88,1.25,4.8,6.52,0.04
Lake-Wales,Florida,1.64,1.82,3.75,4.9,0.1
New-Castle,Delaware,1.56,1.35,2.13,6.4,0.06
Greenville,South-Carolina,2.01,0.54,4.63,8.96,0.14
Missoula,Montana,1.8,0.28,3.6,9.18,0.19
Denver,Colorado,1.8,1.13,2.4,11.3,0.1
Altoona,Pennsylvania,1.99,0.72,3.51,6.38,0.16
Milford,Delaware,2.45,0.98,4.62,12.8,0.16
Queen-City,Texas,2.39,1.02,5.46,6.14,0.34
Oacoma,South-Dakota,10.3,,23.1,7.73,
Des-Plaines,Illinois,2.77,0.93,1.53,6.67,0.04
Bismarck,North-Dakota,0.78,,3.88,6.21,0.13
Trinity,Texas,2.12,0.71,5.66,4.95,
Upper-Marlboro,Maryland,1.7,1.6,1.66,3.24,0.02
Redding,California,2.35,0.39,3.85,6.42,0.06
Atlanta,Georgia,1.91,0.59,3.0,11.1,0.07
Norman,Oklahoma,2.13,0.72,2.85,6.84,0.17
Indio,California,1.6,0.44,1.51,5.45,0.05
Topsham,Maine,1.65,1.93,4.4,10.1,
Adrian,Michigan,1.97,0.79,2.96,6.81,0.2
Clayton,New-Mexico,2.66,,5.32,18.6,
Rome,Georgia,2.1,1.15,6.5,6.71,0.31
Laurel,Delaware,2.45,0.98,4.62,12.8,0.16
Sweetwater,Texas,0.69,0.69,8.25,8.25,0.69
Decatur,Illinois,1.2,0.92,3.59,5.71,0.28
Midland,Michigan,1.94,2.3,2.66,5.21,0.12
Manassas,Virginia,1.78,1.2,2.56,5.48,0.11
Brunswick,Georgia,3.08,0.94,6.03,12.9,0.13
Talladega,Alabama,1.0,1.12,8.73,4.99,0.12
Parkersburg,West-Virginia,1.74,0.93,5.23,6.74,0.35
Mason,Tennessee,1.56,0.87,5.03,3.82,
Mount-Zion,Illinois,1.2,0.92,3.59,5.71,0.28
Great-Falls,Montana,1.71,0.12,3.42,9.29,0.24
Kearney,Nebraska,1.56,0.45,6.9,8.68,0.22
Portland,Texas,1.32,1.61,5.56,6.73,0.29
Weirton,West-Virginia,2.65,2.32,4.64,5.64,
Chandler,Oklahoma,1.55,0.62,4.97,5.28,
Glenview,Illinois,2.77,0.93,1.53,6.67,0.04
Davenport,Iowa,1.48,0.8,4.56,7.76,0.18
Pittsburg,Kansas,1.55,1.03,4.65,8.52,0.26
Tazewell,Virginia,2.06,0.46,9.83,3.43,0.69
Elizabeth,New-Jersey,2.97,1.8,0.75,7.38,0.04
Norfolk,Nebraska,2.35,0.29,4.99,7.93,0.29
Fayetteville,Arkansas,1.29,0.21,3.41,9.8,0.21
West-Des-Moines,Iowa,1.51,0.19,3.78,7.57,0.17
Hardeeville,South-Carolina,1.83,2.28,10.9,7.76,0.46
The-Dalles,Oregon,4.64,1.69,2.53,11.3,0.84
Rochester,New-Hampshire,1.73,2.48,3.8,8.17,0.08
Memphis,Tennessee,2.05,0.54,4.25,6.12,0.14
Goshen,Indiana,1.82,0.15,3.19,6.83,0.2
Columbia,South-Carolina,1.48,0.39,4.05,7.04,0.08
Huntingburg,Indiana,2.67,0.24,4.37,10.6,0.24
Lahaina,Hawaii,2.9,1.84,2.12,13.4,0.07
Appleton,Wisconsin,1.67,0.06,4.09,8.58,0.12
San-Fernando,California,2.12,0.58,1.23,7.15,0.03
Michigan-City,Indiana,2.0,0.45,4.08,8.07,0.09
Rapid-City,South-Dakota,1.66,0.31,5.61,8.52,0.21
Mentone,California,1.5,0.57,1.6,4.69,0.05
Yankton,South-Dakota,0.92,0.46,6.46,11.0,
Bozeman,Montana,2.29,,3.78,12.2,0.11
Oshkosh,Wisconsin,0.74,0.19,3.47,7.5,0.06
Peoria,Arizona,1.3,0.57,1.99,5.86,0.16
Melville,New-York,3.4,1.44,1.69,8.15,0.06
San-Augustine,Texas,1.16,1.16,5.8,2.32,
Hartford,Wisconsin,1.25,0.16,3.83,7.11,0.08
Racine,Wisconsin,1.86,0.35,3.52,6.28,0.1
Morgantown,West-Virginia,1.37,1.03,4.7,7.33,0.23
Mason,Texas,5.15,,12.8,10.3,
Kalamazoo,Michigan,1.68,1.84,2.62,7.24,0.2
Siren,Wisconsin,3.68,0.61,4.91,16.5,
Martinsville,Illinois,2.38,0.59,5.35,11.2,
Colorado-Springs,Colorado,0.97,0.34,2.87,6.64,0.15
West-Dundee,Illinois,1.61,0.54,1.95,5.9,0.08
Spirit-Lake,Iowa,2.4,0.6,6.0,23.4,0.6
Wheatland,Wyoming,3.58,1.19,8.35,14.3,
Savannah,Georgia,2.13,1.57,4.35,10.7,0.16
Haledon,New-Jersey,4.33,1.31,0.65,5.72,0.04
Sarasota,Florida,1.81,1.27,2.26,9.87,0.08
Sunray,Texas,2.01,0.5,5.02,7.03,
Providence,Rhode-Island,2.06,1.5,2.1,7.96,0.02
Troutdale,Oregon,1.74,2.55,1.27,14.2,0.23
Texarkana,Arkansas,2.34,0.93,4.44,5.14,0.23
Flint,Michigan,2.51,1.98,3.04,5.67,0.12
Greensboro,North-Carolina,2.16,1.23,3.92,8.96,0.11
Oakley,Kansas,3.8,,7.61,30.4,
Chula-Vista,California,1.94,0.77,1.65,7.56,0.06
McAllen,Texas,1.12,0.95,3.4,4.78,0.09
Willowick,Ohio,1.37,1.29,3.09,7.38,0.17
Steamboat-Springs,Colorado,2.24,0.45,6.73,27.8,
Beaumont,Texas,1.94,1.57,5.65,5.49,0.17
Edmond,Oklahoma,2.79,0.41,2.33,8.1,0.17
Okawville,Illinois,6.11,0.68,6.79,7.46,
Alpena,Michigan,3.7,1.35,5.72,7.41,0.34
North-Haven,Connecticut,2.04,1.14,2.2,9.05,0.08
Twin-Falls,Idaho,2.75,0.41,4.8,7.14,0.27
Covington,Kentucky,1.72,0.96,3.32,6.9,
Windsor,Colorado,1.03,0.04,2.8,5.77,0.12
New-Haven,Michigan,2.1,1.62,2.28,7.15,0.16
Enid,Oklahoma,1.57,2.09,4.52,6.09,0.17
Pittsburgh,Pennsylvania,1.72,1.09,2.44,8.15,0.09
Bangor,Maine,2.29,2.56,5.72,7.41,0.13
Springfield,Missouri,1.33,0.15,3.6,8.11,0.23
Woonsocket,Rhode-Island,2.06,1.5,2.1,7.96,0.02
Marianna,Arkansas,0.93,,,2.78,
Coleman,Wisconsin,2.83,0.24,7.54,11.7,
Jackson,Mississippi,1.69,0.72,5.26,4.37,0.12
Chillicothe,Ohio,2.37,1.06,4.09,4.88,0.26
California,Maryland,1.6,1.0,2.79,5.59,0.1
Bedford,Virginia,1.05,1.05,2.7,4.21,0.15
Covington,Tennessee,1.56,0.87,5.03,3.82,
Buffalo,New-York,2.59,1.37,2.5,8.11,0.05
Evansville,Indiana,1.66,0.51,3.15,7.84,0.11
Alton,Texas,1.12,0.95,3.4,4.78,0.09
Arlington-Heights,Illinois,2.77,0.93,1.53,6.67,0.04
Howell,Michigan,1.37,0.93,2.03,5.47,0.22
El-Campo,Texas,1.96,2.46,7.37,5.65,
Cranston,Rhode-Island,2.06,1.5,2.1,7.96,0.02
Sayreville,New-Jersey,2.82,2.2,0.88,6.09,0.05
Sedona,Arizona,1.57,0.47,5.65,12.7,0.08
West-Park,Florida,2.05,1.53,2.24,8.0,0.09
Mobile,Alabama,1.51,0.45,6.09,5.22,0.15
Oak-Grove,Kentucky,2.22,0.25,1.97,4.57,0.25
Chubbuck,Idaho,1.13,0.38,3.63,5.88,0.25
San-Diego,California,1.94,0.77,1.65,7.56,0.06
Lemont,Illinois,2.77,0.93,1.53,6.67,0.04
Huntsville,Alabama,1.12,0.51,5.66,6.47,0.29
Lake-City,South-Carolina,2.81,1.06,7.44,7.14,0.15
Bakersfield,California,2.41,0.8,2.1,4.6,0.04
Lancaster,Pennsylvania,2.13,0.62,2.63,5.94,0.08
Jersey-City,New-Jersey,4.34,2.03,0.49,6.23,0.03
Victorville,California,1.5,0.57,1.6,4.69,0.05
El-Paso,Texas,1.59,0.56,2.96,6.08,0.15
Boonville,Missouri,1.71,1.14,8.54,6.27,
Salem,Oregon,1.71,1.61,1.52,6.68,0.29
Sault-Ste.-Marie,Michigan,3.34,1.03,5.65,8.73,
New-Brunswick,New-Jersey,2.82,2.2,0.88,6.09,0.05
Sealy,Texas,1.51,0.75,4.9,4.15,
Minneapolis,Minnesota,1.79,0.69,2.5,7.13,0.12
Fair-Haven,New-Jersey,2.57,1.82,0.8,9.71,0.08
Reno,Nevada,1.38,0.99,2.69,6.99,0.12
New-Castle,Pennsylvania,1.65,0.99,2.98,6.5,0.11
Albany,Georgia,2.3,1.05,7.32,7.11,0.21
Visalia,California,2.84,0.76,2.12,5.13,0.07
Hartford,Connecticut,2.46,1.05,2.32,8.63,0.06
Windsor,Missouri,1.34,,7.61,9.4,0.45
New-Haven,Connecticut,2.04,1.14,2.2,9.05,0.08
Ocala,Florida,1.57,0.96,4.66,4.69,0.12
Fort-Myers-Beach,Florida,1.96,0.85,2.84,8.64,0.19
New-York,New-York,7.14,0.61,0.14,24.3,0.01
Williamsport,Ohio,1.48,1.48,3.69,3.88,
Blackwell,Oklahoma,2.63,0.44,5.69,7.22,0.22
Fortuna,California,3.58,0.47,3.65,9.95,0.08
Miami,Florida,2.51,1.2,1.98,6.76,0.06
Herrin,Illinois,2.18,0.16,4.52,7.32,0.16
Grand-Forks,North-Dakota,1.36,,4.39,7.42,0.3
Macon,Georgia,2.52,1.49,8.01,7.82,0.19
Plymouth,Connecticut,2.29,0.64,2.98,11.0,0.05
Odessa,Texas,1.16,0.31,4.71,4.95,0.23
Edgewater,Maryland,1.55,1.1,2.27,5.82,0.12
Jonesboro,Arkansas,2.42,0.22,4.52,8.16,0.33
Fayetteville,North-Carolina,1.55,0.42,4.82,5.73,0.13
Callaway,Florida,1.83,1.04,5.07,9.17,0.18
Fresno,California,2.4,1.21,2.12,5.77,0.04
Battle-Creek,Michigan,1.91,1.61,4.03,6.01,0.22
West-Jordan,Utah,1.45,0.47,2.45,5.55,0.16
Greenville,North-Carolina,1.91,0.85,4.54,6.7,0.13
Fort-Wayne,Indiana,1.63,0.2,3.33,6.65,0.2
Niantic,Connecticut,1.82,1.36,3.22,10.0,0.11
Houston,Texas,1.88,1.35,3.38,5.88,0.1
Nampa,Idaho,1.18,0.28,2.35,4.37,0.28
Santa-Fe,New-Mexico,1.55,,2.25,11.5,0.07
Chicago,Illinois,2.77,0.93,1.53,6.67,0.04
Ironton,Ohio,1.6,0.64,4.63,3.04,0.16
Alexandria,Kentucky,1.73,1.04,3.46,8.99,0.12
Harlingen,Texas,1.22,0.81,3.46,5.79,0.13
Jefferson-City,Missouri,1.5,0.41,5.44,7.07,0.14
Ventura,California,1.97,0.57,1.69,7.28,0.05
St.-Cloud,Minnesota,1.99,0.27,3.35,8.22,0.07
Cedar-Rapids,Iowa,1.31,0.15,4.28,7.1,0.24
Kane,Pennsylvania,2.97,0.23,6.17,8.92,0.23
Champaign,Illinois,1.71,0.41,3.47,7.98,0.16
Farmington,New-Mexico,0.82,0.41,5.73,5.07,0.16
Bend,Oregon,2.21,0.98,2.02,12.4,0.33
Virginia-Beach,Virginia,,,,,
Eagar,Arizona,1.58,0.57,4.74,2.87,
Flora,Illinois,2.91,,3.64,8.0,
Panama-City,Florida,1.83,1.04,5.07,9.17,0.18
Lancaster,New-Hampshire,4.33,0.93,9.28,12.6,
Marquette,Michigan,2.3,1.53,4.44,7.96,
Coos-Bay,Oregon,3.47,2.05,1.58,11.3,0.63
Cumberland,Maryland,2.62,0.69,2.34,7.16,
Rancho-Mirage,California,1.6,0.44,1.51,5.45,0.05
Garden-City,Kansas,1.23,,2.45,5.15,0.25
Hermleigh,Texas,1.25,,6.88,8.76,
Alexandria,Louisiana,,,,4.21,0.23
Dover,New-Jersey,2.12,1.13,0.88,8.8,0.1
Santa-Clarita,California,2.12,0.58,1.23,7.15,0.03
Heyworth,Illinois,1.77,0.18,4.52,7.58,0.24
Southaven,Mississippi,1.07,0.4,3.89,6.44,0.27
Spokane,Washington,1.8,0.61,2.59,6.16,0.18
Roanoke,Virginia,1.33,0.78,3.33,5.1,
Athens,Georgia,2.03,0.44,4.77,10.0,0.18
Neptune-City,New-Jersey,2.57,1.82,0.8,9.71,0.08
Winchester,Virginia,1.38,0.14,4.95,3.99,0.28
Wausau,Wisconsin,2.47,,4.16,8.17,0.23
Eufaula,Alabama,2.04,0.68,6.45,3.73,
Santa-Maria,California,2.61,0.75,1.84,9.65,0.05
Spring-Hill,Florida,1.3,0.83,2.43,5.45,0.18
Cicero,New-York,2.56,1.08,2.74,8.17,0.11
Richland,Missouri,1.13,0.23,5.19,6.77,0.23
Newport-News,Virginia,,,2.65,7.69,0.17
Pine-Hill,New-Jersey,3.0,1.86,1.02,5.2,0.04
Dunbar,West-Virginia,2.46,0.52,5.13,6.9,0.16
Lafayette,Louisiana,2.49,,,,
Wilton,Connecticut,2.5,0.85,1.7,9.67,0.06
Dubuque,Iowa,1.19,0.43,5.31,9.75,0.11
Charleston,West-Virginia,2.46,0.52,5.13,6.9,0.16
Shreveport,Louisiana,1.51,1.03,,,
West-Plains,Missouri,2.59,0.52,8.03,6.74,0.26
Abilene,Texas,0.95,0.63,6.09,6.33,0.16
Bridgeport,West-Virginia,1.9,1.17,4.83,8.06,0.29
Clementon,New-Jersey,3.0,1.86,1.02,5.2,0.04
Beaumont,California,1.6,0.44,1.51,5.45,0.05
Dayton,Ohio,1.52,1.39,2.31,5.76,0.15
Burnsville,North-Carolina,2.72,0.54,3.26,3.81,
Manchester,New-Hampshire,1.82,1.65,2.67,8.23,0.12
Harahan,Louisiana,2.43,,,7.59,0.16
Bettendorf,Iowa,1.48,0.8,4.56,7.76,0.18
Dayton,Kentucky,1.73,1.04,3.46,8.99,0.12
New-Iberia,Louisiana,2.94,,,3.6,0.13
Charleston,Illinois,0.96,0.38,4.21,7.65,0.38
Canyon,Texas,0.53,0.18,3.62,4.5,0.18
Logan,Utah,1.28,0.18,2.2,3.12,0.28
Dodge-City,Kansas,1.51,0.3,4.53,6.95,0.3
Hephzibah,Georgia,1.87,0.71,5.97,6.68,0.1
Osseo,Wisconsin,2.16,1.08,5.04,8.64,
Boulder,Colorado,1.56,0.38,2.35,9.94,0.1
Anaheim,California,1.78,0.49,1.46,8.19,0.06
Kingsport,Tennessee,1.3,0.39,4.89,5.93,0.13
Fairview-Heights,Illinois,1.8,0.65,3.56,5.93,0.04
Dunn-Loring,Virginia,1.81,1.29,1.62,6.9,0.03
Austin,Indiana,2.11,,5.49,4.64,0.42
Riverhead,New-York,3.4,1.44,1.69,8.15,0.06
Brawley,California,2.49,0.62,3.23,4.85,0.06
Center,Texas,2.28,0.76,3.42,4.18,
Murdo,South-Dakota,19.1,,47.7,28.6,
Big-Lake,Texas,3.31,,6.62,9.94,
Clarkston,Washington,1.9,0.47,1.42,7.59,0.47
Port-Charlotte,Florida,1.51,0.59,2.82,6.62,0.13
Marion,Illinois,2.18,0.16,4.52,7.32,0.16
Marina,California,2.82,0.91,2.0,9.24,0.05
Westbrook,Maine,2.62,2.44,3.82,12.0,0.11
Escanaba,Michigan,4.56,1.61,4.29,9.11,
Rayville,Louisiana,1.47,,4.4,,
Bargersville,Indiana,1.03,0.37,2.65,6.54,0.29
Knoxville,Tennessee,1.75,1.37,3.82,7.39,0.12
Eureka,California,3.58,0.47,3.65,9.95,0.08
Roswell,New-Mexico,1.44,0.32,4.16,7.85,0.32
Casper,Wyoming,1.25,0.28,4.32,7.66,0.28
Elizabethtown,Kentucky,1.43,0.51,4.6,5.82,0.2
Bloomfield,Indiana,2.14,0.31,5.82,6.43,0.31
Monroe,Louisiana,1.4,,,5.62,0.2
Sedalia,Missouri,2.21,,5.64,10.0,0.25
Houghton,Michigan,3.15,1.14,4.58,11.4,
Waynesville,North-Carolina,1.95,1.24,6.56,9.75,
International-Falls,Minnesota,2.98,0.75,11.1,11.1,
Harrisonburg,Virginia,2.04,1.63,2.99,4.48,0.14
