city,state,White alone,Two or more races,Hispanic,Black alone,Asian alone,American Indian alone,Other race alone,Native Hawaiian and OtherPacific Islander alone
Nevada-City,California,81.1,8.5,6.1,1.5,1.0,0.09,,
Port-Jervis,New-York,72.6,2.7,14.0,6.1,3.4,0.1,0.07,
Richmond,California,16.1,4.2,48.1,17.7,12.6,0.5,0.8,0.05
Kansas-City,Missouri,56.4,3.4,11.2,25.9,2.4,0.2,0.2,0.2
Annapolis,Maryland,50.5,2.4,24.5,22.2,1.8,0.03,0.3,
Durango,Colorado,79.1,2.6,9.6,0.4,0.6,7.5,,0.02
Murfreesboro,Tennessee,66.1,3.8,7.4,18.7,3.8,0.2,0.08,
Mars-Hill,Maine,96.6,1.3,1.0,0.2,0.1,0.7,,
Lincoln,Nebraska,78.9,3.1,8.1,4.2,5.0,0.5,0.1,0.2
Bloomfield,New-Mexico,40.4,1.1,38.2,0.5,0.2,19.0,0.2,
Junction,Texas,62.6,1.6,2.4,1.9,,,0.6,
Yakima,Washington,44.6,2.1,46.0,2.6,1.5,1.1,0.8,1.3
Largo,Florida,77.1,2.5,12.1,5.3,2.4,0.2,0.3,0.08
Portales,New-Mexico,45.1,3.4,46.6,3.7,0.7,0.2,,0.06
Roselle,Illinois,74.8,2.7,9.9,4.0,8.4,,0.05,0.05
Los-Angeles,California,28.7,2.5,48.2,8.3,11.5,0.2,0.3,0.1
Conway,Arkansas,72.2,2.7,4.4,17.4,2.3,0.2,0.4,
Tucson,Arizona,41.6,2.7,45.4,4.9,3.1,2.0,0.1,0.3
Shirley,New-York,65.8,1.0,22.0,6.8,3.9,0.2,0.1,
Bloomington,Indiana,77.6,3.0,4.5,4.0,11.3,0.2,0.08,0.01
Douglas,Georgia,36.2,2.1,8.7,53.2,0.05,,,
Plymouth,Massachusetts,90.0,2.1,2.2,1.7,1.0,,1.6,
Gillette,Wyoming,84.0,2.4,11.3,0.6,0.6,0.9,,0.4
Birmingham,Alabama,25.0,1.0,4.2,67.5,1.7,0.3,0.3,
Santa-Rosa,California,52.1,3.5,35.0,2.2,6.3,0.1,0.07,0.6
Queensbury,New-York,95.4,0.9,1.7,0.9,0.9,0.1,0.09,0.01
Emlenton,Pennsylvania,0.0,7.1,1.2,0.1,0.7,0.1,,
Jackson,Wisconsin,95.2,1.3,1.5,1.3,,,,0.3
South-Chicago-Heights,Illinois,29.7,3.1,42.8,4.1,,0.3,,
Cheboygan,Michigan,87.0,3.2,4.4,2.7,0.5,1.8,0.3,
Homewood,Alabama,73.8,1.7,5.8,14.2,3.9,0.06,0.4,
Danbury,Connecticut,51.4,2.0,29.2,10.6,6.1,0.2,0.5,
Oakland,Tennessee,88.2,1.2,1.8,8.1,0.3,,,
La-Crosse,Wisconsin,88.1,2.1,2.3,2.4,4.1,0.6,0.09,0.03
Rehoboth-Beach,Delaware,95.9,,2.5,0.5,0.6,,0.4,
Douglas,Arizona,14.6,0.9,77.5,5.2,0.02,0.5,1.1,0.04
Taos,New-Mexico,50.5,2.5,39.6,0.2,0.3,5.5,0.9,
Salisbury,Maryland,45.7,3.0,5.4,40.8,4.4,0.4,0.07,0.06
Fort-Lauderdale,Florida,44.4,1.4,19.3,31.8,1.7,0.1,0.3,0.06
Bloomingdale,Illinois,69.2,1.5,10.6,4.4,14.0,0.2,0.06,0.08
Cincinnati,Ohio,47.8,3.8,4.1,42.3,2.1,0.06,0.09,0.06
Waukesha,Wisconsin,78.3,1.9,13.4,3.4,2.9,0.1,0.06,0.2
Springfield,Illinois,70.4,3.3,2.8,19.6,3.1,0.07,0.2,0.04
Carol-Stream,Illinois,56.4,1.4,15.9,6.8,19.6,,0.4,
Rock-Island,Illinois,61.3,3.3,11.3,19.1,4.2,0.3,0.1,0.1
Early,Texas,75.0,3.3,6.5,1.9,2.2,,,
Decatur,Alabama,60.5,2.6,14.1,22.6,0.4,0.2,0.1,
Winfield,Illinois,88.9,1.6,3.7,0.7,4.5,0.05,,
Charlottesville,Virginia,64.9,2.6,5.7,18.9,7.3,0.2,0.1,0.05
Jackson,Ohio,90.2,3.5,3.5,2.4,,,,
West-Memphis,Arkansas,35.2,4.6,1.5,58.4,0.5,0.1,0.02,0.1
Elkhart,Indiana,54.8,3.1,26.9,14.8,0.8,0.09,0.5,0.09
Edison,New-Jersey,55.8,1.7,6.4,6.6,29.2,0.09,0.3,0.03
Chico,California,69.8,3.1,20.6,2.4,3.4,0.3,,0.3
Mineral-Springs,Arkansas,0.5,1.4,5.7,1.9,,,0.4,
Columbus,Georgia,48.6,1.4,4.5,43.4,1.5,0.3,0.2,0.1
Rochester,New-York,35.6,2.1,20.3,38.7,2.7,0.1,0.5,0.01
Pinellas-Park,Florida,69.4,3.6,13.0,5.8,8.3,0.08,0.2,0.01
Sioux-Falls,South-Dakota,80.5,3.2,5.4,7.2,2.2,1.9,0.05,0.01
Crestview,Florida,66.7,7.2,9.4,13.7,1.8,0.2,0.2,0.04
Albertville,Minnesota,91.7,2.2,,3.3,1.0,,1.7,
Prosser,Washington,47.8,,48.4,0.7,2.0,2.1,,0.2
Pompano-Beach,Florida,40.3,2.0,23.5,31.9,1.1,0.1,0.4,0.01
Daytona-Beach,Florida,51.6,3.0,9.2,32.0,2.6,0.1,0.8,0.02
Poulsbo,Washington,78.0,4.8,10.6,1.4,4.1,0.1,,0.8
Portland,Tennessee,84.7,3.8,8.7,2.2,0.4,0.2,,0.06
Laredo,Texas,3.5,0.2,96.4,0.3,0.5,0.04,0.04,0.01
Kapaa,Hawaii,38.3,23.3,7.5,0.1,25.3,0.2,0.2,4.5
Las-Vegas,Nevada,41.0,3.6,35.5,11.6,6.9,0.3,0.3,0.8
Trenton,New-Jersey,11.7,1.1,40.1,46.2,1.4,0.05,0.07,
Hillsdale,New-Jersey,77.0,1.9,7.7,2.2,9.0,0.3,0.6,
North-Miami,Florida,8.9,0.7,29.9,57.1,1.2,,0.5,0.01
Shepherd,Texas,73.3,2.5,2.7,0.3,,,,
Sacramento,California,32.0,5.0,30.9,11.3,18.2,0.6,0.2,1.9
Bridgeport,Connecticut,20.2,1.5,43.1,29.6,4.3,0.02,1.1,0.2
Endicott,New-York,80.7,3.6,4.7,7.9,2.2,0.2,,
Newark,Delaware,70.4,3.6,7.4,8.7,8.4,0.2,0.5,0.07
Peoria,Illinois,56.0,4.1,6.4,26.7,6.2,0.3,0.2,0.01
Olympia,Washington,74.8,3.9,9.3,3.2,6.9,1.0,0.06,0.6
Somerton,Arizona,3.0,0.06,97.4,,,0.8,,
Cleveland,Tennessee,75.7,1.9,11.6,7.4,2.4,0.2,1.3,0.01
Washburn,Maine,96.0,1.2,1.4,,0.5,0.9,0.06,
Guymon,Oklahoma,29.0,3.1,60.5,3.6,5.9,0.2,,
Lemon-Grove,California,27.7,5.0,44.9,14.3,7.8,0.2,0.06,0.5
Omaha,Nebraska,65.8,2.9,13.9,12.8,4.1,0.5,0.01,0.01
Edinburg,Texas,6.8,0.2,88.6,1.6,2.2,0.2,0.1,
North-Platte,Nebraska,84.3,0.8,11.3,1.7,1.2,0.4,,0.05
Encinitas,California,76.6,3.3,14.0,0.8,4.2,0.2,0.07,0.05
Clarkston,Georgia,8.4,1.6,4.4,59.5,25.3,1.5,0.04,0.09
Batesville,Mississippi,45.7,6.3,0.8,47.6,,,,
Hayward,Wisconsin,75.2,5.4,2.6,0.07,0.8,6.2,,
Louisville,Tennessee,86.3,2.6,1.5,7.6,1.4,0.3,,
Fairview,Tennessee,88.0,2.4,4.2,4.1,0.2,0.8,,
San-Antonio,Texas,23.9,1.7,64.5,6.6,2.8,0.2,0.2,0.05
Lowell,Massachusetts,50.3,3.1,20.1,7.2,17.4,0.9,0.6,0.5
Chesapeake-City,Maryland,7.4,2.4,6.9,0.6,1.0,,,
Brady,Texas,51.2,2.4,38.4,1.6,1.2,,4.6,
Idaho-Falls,Idaho,80.0,2.5,15.1,0.6,1.4,0.4,0.05,0.07
Fall-River,Massachusetts,76.2,3.7,11.3,6.3,1.9,0.7,0.7,
Ontario,California,15.0,2.0,71.4,4.0,6.7,0.2,0.07,0.6
Tupelo,Mississippi,54.4,0.5,4.1,39.1,0.8,0.3,0.9,
Christopher,Illinois,96.1,0.9,1.0,0.6,0.6,,,
Arnolds-Park,Iowa,7.1,,1.4,0.8,,,,
Cheyenne,Wyoming,78.2,2.9,15.0,1.3,1.3,1.1,,0.3
Cookeville,Tennessee,84.7,1.7,7.2,3.6,2.3,0.2,0.3,
Bristol,Connecticut,71.7,3.0,18.0,4.8,1.6,0.1,0.1,
Warwick,Rhode-Island,86.1,1.7,5.8,2.0,3.5,0.4,0.4,
Yuma,Arizona,32.6,1.8,60.1,2.2,2.0,1.1,0.05,0.1
Freehold,New-Jersey,39.4,0.9,50.1,8.8,1.4,,0.9,
Vienna,Virginia,65.4,5.1,9.9,2.5,15.2,0.2,0.5,
Box-Elder,Montana,0.2,,4.9,,,4.9,,
Indianapolis,Indiana,53.2,2.9,11.1,28.3,4.0,0.2,0.2,0.01
Alpine,Texas,49.1,0.9,47.5,0.1,1.9,,,
Levelland,Texas,39.0,0.7,54.2,4.5,0.4,0.5,0.3,0.1
Texico,New-Mexico,5.9,2.1,8.1,4.1,,,,
East-Providence,Rhode-Island,77.1,4.8,6.5,6.4,2.7,0.04,1.4,0.03
Redmond,Oregon,81.0,2.4,12.7,1.0,0.6,1.7,,0.5
Albany,New-York,51.6,8.5,10.6,22.6,6.4,0.1,0.2,
Fern-Park,Florida,59.6,0.1,28.7,9.0,2.4,,,
Santa-Fe-Springs,California,12.7,0.9,74.7,3.6,6.8,0.2,1.5,0.05
Charleston,South-Carolina,71.4,1.5,3.3,21.4,2.1,0.08,0.1,0.3
Toledo,Ohio,57.4,4.4,8.7,27.6,1.3,0.3,0.2,
Collegeville,Pennsylvania,80.0,2.2,2.4,9.3,5.6,0.1,0.04,
Ashland,Kentucky,92.1,3.4,1.4,1.9,0.8,0.08,0.08,
Atascadero,California,74.6,3.1,18.7,0.8,1.8,0.2,0.5,0.04
Boston,Massachusetts,44.9,2.6,19.7,22.2,9.6,0.2,0.7,0.08
College-Station,Texas,63.7,2.1,16.3,7.6,9.3,0.05,0.04,0.1
Mitchell,South-Dakota,88.5,2.6,3.6,1.6,0.8,2.3,0.1,
Rowlett,Texas,51.6,2.5,19.9,16.7,7.6,0.5,0.2,0.01
Pittsfield,Massachusetts,82.6,4.3,7.3,4.0,1.9,0.08,0.2,0.09
Dover,Delaware,38.5,4.9,8.1,45.8,2.1,0.9,0.5,0.05
Myrtle-Beach,South-Carolina,67.9,1.7,13.3,14.3,2.3,0.1,0.4,
Columbia,Maryland,44.6,4.4,9.9,27.6,13.0,0.4,0.8,0.04
Stamford,Connecticut,48.3,1.8,28.4,13.3,8.6,0.07,0.2,0.02
Hayward,California,14.6,4.7,39.2,9.2,29.2,0.3,0.2,2.6
El-Centro,California,7.8,0.4,87.9,1.3,2.1,0.2,0.01,0.2
Lecanto,Florida,85.6,0.9,5.2,5.8,0.4,0.7,0.07,
Madisonville,Tennessee,88.6,0.1,5.0,5.1,,1.0,,
Florence,South-Carolina,46.3,1.2,2.2,46.8,2.4,0.4,0.1,0.5
Suwanee,Georgia,54.6,2.4,5.8,12.6,21.6,0.8,0.6,
Burlington,Iowa,83.4,3.0,4.1,9.0,0.6,0.3,,
Erie,Pennsylvania,67.8,5.5,9.6,14.2,2.3,0.4,0.2,0.04
Sayre,Oklahoma,65.5,5.2,3.0,2.8,0.2,2.8,0.2,
Ambler,Pennsylvania,69.0,2.9,3.0,2.0,3.8,,,
Superior,Wisconsin,89.4,2.3,2.2,1.9,1.9,2.0,0.05,
Woodstock,Virginia,78.7,1.0,1.3,2.1,6.5,,,
Meadville,Pennsylvania,85.3,5.8,2.5,5.3,0.8,0.02,,
Zanesville,Ohio,82.4,5.8,2.4,7.4,0.6,0.6,0.8,
Show-Low,Arizona,75.7,1.4,19.8,0.4,0.2,1.9,,
Augusta,Georgia,44.1,1.3,2.2,50.6,1.4,0.2,0.2,0.07
Lamesa,Texas,30.8,0.4,65.4,3.3,0.1,0.2,,
Independence,Kentucky,93.1,1.0,1.2,2.6,1.7,0.1,0.04,
Elmira,New-York,72.3,6.1,5.5,14.2,0.6,0.7,0.3,0.01
Hattiesburg,Mississippi,40.3,2.1,3.2,53.3,1.1,0.2,0.01,
San-Francisco,California,39.8,4.1,15.2,5.2,34.6,0.3,0.4,0.4
Marlow-Heights,Maryland,3.0,1.9,7.1,86.0,0.6,0.4,0.05,0.5
Concord,New-Hampshire,85.6,2.0,3.1,3.5,4.6,0.5,0.5,
Marion,Arkansas,52.9,7.8,2.9,34.6,1.1,0.6,0.1,
Sheridan,Wyoming,90.1,1.4,6.3,0.2,0.4,1.3,,
Winston-Salem,North-Carolina,44.0,2.2,16.2,35.0,2.1,0.3,0.2,
Huntley,Illinois,78.8,1.4,10.8,2.6,6.1,,0.03,
Wilkes-Barre,Pennsylvania,58.9,4.7,24.3,13.2,1.8,0.2,0.02,0.08
London,Kentucky,92.1,2.2,1.0,1.7,2.2,0.3,0.2,
Barnesville,Ohio,96.5,0.9,,0.3,1.5,,,0.3
Menasha,Wisconsin,82.5,3.4,8.3,1.2,2.8,1.6,,0.2
Defiance,Ohio,78.6,1.8,15.9,3.0,0.3,0.7,0.05,0.03
Hazleton,Pennsylvania,36.9,0.4,67.7,2.8,0.3,0.03,0.3,
West-Columbia,South-Carolina,67.6,2.5,9.2,18.2,1.8,0.1,0.3,0.5
Lima,Ohio,61.9,6.4,4.9,25.6,0.8,0.3,0.4,
Elizabeth-City,North-Carolina,37.3,2.9,8.4,50.2,1.3,0.1,0.07,
Cotati,California,73.9,4.1,18.8,0.5,1.7,,0.2,0.4
Cleveland,Ohio,32.2,3.5,12.7,48.7,2.4,0.3,0.2,0.02
Spokane-Valley,Washington,85.0,3.6,6.7,0.7,2.1,0.5,,1.5
Middletown,Rhode-Island,84.6,2.7,4.7,4.2,3.0,0.2,0.4,0.1
Redwood-City,California,46.9,3.3,30.1,1.3,15.5,0.8,0.2,1.9
Durant,Oklahoma,66.4,6.9,8.8,2.2,0.9,14.6,0.04,0.2
Starkville,Mississippi,56.9,2.0,1.7,35.0,4.3,0.03,,0.03
Baton-Rouge,Louisiana,39.0,1.1,3.9,51.7,3.9,0.2,0.2,
Benton-City,Washington,62.7,1.5,34.0,,0.1,2.2,,
East-Chicago,Indiana,6.7,0.3,59.7,34.9,0.1,0.01,,0.03
Orlando,Florida,37.2,2.0,37.0,20.2,3.1,0.3,0.2,
Hot-Springs,Arkansas,67.5,3.6,9.6,17.3,1.0,0.9,0.04,
Dupont,Pennsylvania,87.3,2.3,9.1,0.07,,0.4,,
Rockford,Michigan,91.3,0.8,5.5,1.7,0.2,,,
Warren,Arkansas,34.7,0.1,21.9,44.0,0.1,,,
Tustin,California,33.1,3.2,40.2,1.9,21.0,0.3,0.3,
Russell-Springs,Kentucky,78.4,6.8,4.6,0.3,,,,
Hurley,New-Mexico,8.8,5.5,75.2,,,0.6,0.1,
Santa-Barbara,California,54.4,1.7,37.6,1.5,3.9,0.2,0.1,0.01
Eugene,Oregon,78.0,5.0,10.2,1.6,4.1,0.5,0.2,0.5
Dumas,Texas,34.9,1.2,53.4,3.1,7.0,0.5,0.2,
Hamilton,Texas,83.5,0.6,3.2,0.4,,0.7,,
Tyler,Texas,49.6,1.0,22.3,24.5,2.5,0.2,0.1,0.02
Prescott,Arizona,87.8,1.7,6.9,0.7,1.5,0.6,,0.07
San-Jacinto,California,29.8,2.4,56.4,6.7,3.5,1.0,0.2,0.03
Little-Rock,Arkansas,44.5,1.8,7.5,42.7,3.2,0.2,0.2,0.03
Grants-Pass,Oregon,83.8,3.4,9.6,0.7,1.2,0.9,0.09,
Tampa,Florida,43.1,2.3,28.4,21.0,4.9,0.09,0.2,0.1
Victoria,Texas,36.3,1.7,53.6,6.5,1.6,0.07,0.2,0.02
Lewiston,Idaho,90.9,1.9,4.2,0.4,0.8,1.4,0.02,
Pawtucket,Rhode-Island,46.2,4.4,26.1,14.9,3.1,0.2,5.1,
Folcroft,Pennsylvania,49.7,1.8,1.4,36.0,1.5,,0.2,3.0
Saginaw,Michigan,37.3,4.3,15.2,43.1,0.4,0.1,0.04,
White-Deer,Texas,8.7,0.5,9.3,,,,,
Schaumburg,Illinois,56.3,2.3,10.8,4.0,26.5,0.4,0.4,0.2
Wilmington,North-Carolina,71.0,2.3,6.5,18.0,1.4,0.2,0.2,0.1
Texline,Texas,8.2,4.6,1.8,,0.6,4.3,,
Kalispell,Montana,91.8,1.5,2.8,0.9,1.5,1.4,0.1,
Austin,Texas,48.8,2.8,32.5,7.4,8.1,0.3,0.1,
Milledgeville,Georgia,47.8,2.0,2.2,45.9,1.9,,0.04,
Hopatcong,New-Jersey,73.7,0.7,17.5,2.8,4.6,,,
Atlantic-Highlands,New-Jersey,93.4,0.3,5.6,,0.4,,,
Portage,Michigan,82.2,4.1,4.9,5.0,2.9,0.4,0.4,
Joplin,Missouri,83.0,4.3,5.2,3.2,2.4,1.7,0.2,0.09
Des-Moines,Iowa,65.8,1.7,13.1,13.2,5.8,0.3,0.03,
San-Jose,California,25.0,3.1,30.6,2.8,37.6,0.1,0.4,0.4
Tulsa,Oklahoma,54.3,6.3,17.2,14.4,3.1,4.5,0.2,0.1
Amarillo,Texas,53.0,1.2,34.0,6.7,4.6,0.5,,0.1
Cary,Illinois,82.4,2.6,11.1,2.0,1.5,,,
Waukegan,Illinois,19.4,2.0,49.7,20.4,6.7,,1.9,
Lady-Lake,Florida,81.9,1.7,8.2,3.3,1.6,0.09,3.1,
Bemidji,Minnesota,77.5,7.0,3.3,1.2,0.7,10.0,,
Newport,Rhode-Island,75.9,3.7,10.3,6.3,2.0,0.8,0.3,
Madison,Indiana,86.5,1.5,5.3,4.2,1.6,0.06,0.7,
Fort-Stockton,Texas,19.4,1.3,75.9,2.4,0.5,0.6,0.2,0.2
Hobbs,New-Mexico,30.4,1.3,60.7,5.6,1.1,1.0,0.3,0.01
Marshall,Minnesota,76.2,1.7,9.4,6.1,6.4,0.2,0.02,
Denison,Iowa,41.1,0.7,51.0,5.6,4.0,0.05,,
Fort-Pierce,Florida,32.6,2.0,23.9,38.3,0.9,0.4,0.3,0.4
Spartanburg,South-Carolina,43.2,1.4,5.0,47.7,2.6,0.6,0.01,0.02
Decorah,Iowa,91.9,0.5,2.5,3.2,1.4,0.2,,
Mountain-Home,Arkansas,93.7,1.2,4.1,0.07,0.4,0.06,,
Clarksville,Indiana,80.5,2.8,10.4,4.8,1.3,,0.05,
Florence,Alabama,73.0,1.4,4.2,19.9,0.9,0.3,0.1,0.1
Reston,Virginia,61.9,3.2,12.8,10.3,10.8,0.02,0.4,
Bristol,Virginia,87.1,3.1,2.4,5.8,0.2,,0.5,
Holyoke,Massachusetts,40.4,1.4,56.4,2.7,0.6,0.2,,
Fort-Smith,Arkansas,58.5,4.8,19.9,9.6,5.9,1.0,0.4,
Okeechobee,Florida,58.9,4.7,23.4,0.0,2.3,0.5,,
Paducah,Kentucky,71.1,2.0,3.2,21.9,0.9,0.6,0.1,0.2
Wallington,New-Jersey,71.9,0.8,15.9,3.8,6.4,0.06,0.08,
Walnut,California,10.3,2.3,20.3,4.2,62.9,0.05,0.08,0.3
Garberville,California,86.0,3.3,6.5,0.7,0.5,2.6,0.2,0.1
Aberdeen,Washington,68.9,5.1,18.1,0.7,1.5,4.7,,0.7
Markham,Illinois,8.5,1.1,10.0,77.9,0.9,0.5,,
Delmar,Delaware,71.3,3.6,1.1,0.3,3.0,,0.3,
Carthage,Missouri,60.2,4.0,33.2,1.4,0.7,0.9,,0.6
Phoenix,Arizona,41.4,2.5,43.2,6.9,3.9,1.7,0.2,0.3
Kingman,Arizona,75.7,3.6,15.4,1.3,1.3,2.2,0.3,0.01
Durham,North-Carolina,39.1,3.0,14.4,38.1,5.5,0.2,0.3,0.04
Las-Vegas,New-Mexico,15.0,0.7,81.0,1.2,0.9,1.7,,
Greenfield,Massachusetts,91.6,2.0,3.4,1.3,1.2,0.3,0.1,0.01
Key-West,Florida,58.5,1.3,24.5,13.3,2.0,0.09,,
Corpus-Christi,Texas,29.3,0.8,63.4,4.1,2.3,0.08,0.02,
El-Dorado,Arkansas,43.3,1.2,5.9,48.0,1.0,0.4,0.4,
Spencer,Iowa,92.4,2.4,3.1,0.4,0.9,,0.3,
Twentynine-Palms,California,52.1,5.1,24.0,9.5,3.7,0.9,,2.8
Felton,Delaware,4.7,4.3,3.8,6.8,0.1,,,
Wichita-Falls,Texas,61.1,2.3,21.6,12.0,2.2,0.6,0.2,0.1
West-Chicago,Illinois,35.9,0.9,54.0,1.9,8.3,,0.07,
Jersey-Shore,Pennsylvania,98.1,,0.8,,,,,
Corbin,Kentucky,94.0,2.3,2.7,0.2,,0.4,,
Kennewick,Washington,63.7,3.4,28.1,2.2,2.0,0.5,0.6,0.03
Vallejo,California,23.2,4.7,29.6,18.8,23.2,0.08,0.4,0.08
Wenatchee,Washington,58.7,3.5,34.8,1.1,0.6,1.3,,0.06
Sachse,Texas,53.4,3.3,17.1,10.0,14.8,0.7,,
Union-City,Tennessee,67.4,3.3,6.2,22.7,0.09,0.09,0.2,
Crockett,Texas,36.0,4.6,3.9,44.6,0.9,0.2,,
Coldwater,Michigan,81.0,1.4,7.5,7.4,1.7,1.1,,
West-Palm-Beach,Florida,37.1,1.3,25.2,34.5,1.2,,0.6,
Moses-Lake,Washington,54.3,1.7,40.1,1.5,1.7,1.0,,
Tallulah,Louisiana,19.5,,0.8,79.9,,,,
Gary,Indiana,11.7,1.0,8.3,78.2,0.3,0.2,0.2,0.01
Eatonton,Georgia,32.7,0.3,8.7,58.4,0.2,,,
Merlin,Oregon,95.2,3.1,0.9,,,,,
Stratford,Texas,6.0,0.3,51.5,1.8,,,,
Fargo,North-Dakota,81.9,3.3,3.2,7.0,3.3,1.1,0.07,0.07
Dickinson,North-Dakota,84.6,3.2,6.5,2.4,1.4,1.6,,1.3
Boone,North-Carolina,88.9,1.2,5.2,2.4,1.2,0.5,,0.04
Eden,Texas,2.1,0.3,65.8,0.6,0.7,0.5,,
Columbia,Missouri,74.2,4.3,3.8,10.9,6.5,0.3,0.2,0.1
Convoy,Ohio,93.6,1.8,4.1,,,,,
South-San-Francisco,California,19.8,2.0,28.4,1.9,45.3,0.3,,2.3
Green-Bay,Wisconsin,67.4,3.5,16.9,4.6,4.0,3.4,0.2,
Rockwall,Texas,69.7,2.1,17.4,6.0,3.2,0.3,0.3,0.1
Stockton,California,19.2,4.4,43.5,9.6,22.1,0.3,0.2,0.7
Pensacola,Florida,59.5,5.1,5.5,28.8,1.1,0.1,0.5,
Palm-Springs,California,58.6,1.9,27.4,4.3,5.0,0.6,0.2,0.3
Ames,Iowa,78.2,3.4,3.9,4.4,9.7,0.3,0.06,
Poplar-Bluff,Missouri,80.2,3.0,4.0,10.9,1.4,0.2,0.07,0.1
Bolton,Connecticut,93.3,1.2,3.0,0.9,1.4,0.08,0.04,
Silver-Spring,Maryland,32.4,3.0,28.7,29.1,7.2,0.3,0.3,
Bowling-Green,Kentucky,70.1,3.2,8.0,12.8,5.5,0.2,0.2,0.9
Pocola,Oklahoma,77.9,3.8,2.8,2.5,0.8,2.0,,
Pendleton,Oregon,75.2,3.7,12.2,0.9,2.1,2.5,3.4,0.6
Rogers,Arkansas,58.1,2.1,34.7,1.4,2.3,0.6,0.04,1.4
Grand-Rapids,Michigan,56.9,5.4,16.8,18.2,2.2,0.3,0.2,0.02
Weatherford,Oklahoma,72.8,5.3,15.2,3.5,0.9,2.1,,0.02
Gruver,Texas,9.7,0.3,9.5,,,0.6,,
New-London,Connecticut,44.4,4.7,35.1,14.2,2.4,0.06,0.7,0.1
Gladstone,Missouri,77.3,5.6,8.7,5.7,0.8,0.5,0.09,2.7
Columbia,Louisiana,8.0,,1.7,7.8,,2.4,,
Highlands-Ranch,Colorado,80.6,2.4,8.6,1.2,6.8,0.4,0.1,0.06
Lancaster,California,26.8,2.2,42.2,24.5,3.9,0.3,0.2,
Willmar,Minnesota,61.9,1.7,23.8,11.3,1.7,0.08,,
Louisville,Kentucky,61.9,1.5,1.9,32.8,1.4,0.2,0.2,0.04
Beaufort,South-Carolina,60.2,5.1,5.5,26.9,2.2,0.06,,
Claremont,New-Hampshire,93.9,1.6,2.4,1.6,0.4,,,
Robert-Lee,Texas,1.8,0.3,5.2,,,1.6,,
Oklahoma-City,Oklahoma,53.1,5.1,20.7,13.5,4.4,2.9,0.1,0.09
South-Sioux-City,Nebraska,36.7,1.2,50.2,7.7,3.7,1.7,0.4,
Hebron,Kentucky,96.2,0.7,1.1,1.2,0.6,0.1,0.07,
Fairmont,Minnesota,88.0,1.7,8.1,0.6,1.0,0.04,,
Killeen,Texas,25.9,4.7,26.9,36.7,4.1,0.7,0.02,1.1
Monterey,California,64.9,4.4,16.4,4.1,8.3,0.2,0.4,0.06
Harrisburg,Pennsylvania,23.7,2.2,23.4,47.4,5.4,0.08,0.05,0.02
Lafayette,Indiana,73.7,1.9,14.0,8.6,1.6,0.1,0.2,
Parkville,Maryland,54.3,2.0,5.4,35.3,2.6,0.1,0.4,0.08
Murphy,North-Carolina,81.4,1.9,3.8,7.2,2.3,2.3,0.4,
Leesburg,Virginia,60.1,3.4,18.1,8.5,8.3,0.4,0.4,0.03
Easton,Maryland,68.2,6.3,11.4,11.0,2.1,,0.2,
Poughkeepsie,New-York,40.3,5.0,17.3,39.1,0.9,0.2,0.1,0.08
West-Frankfort,Illinois,94.9,1.8,0.7,1.1,0.4,0.3,,
Muscatine,Iowa,72.3,1.8,21.2,4.5,0.7,0.2,0.1,0.02
Coffeyville,Kansas,68.7,4.9,10.7,8.7,0.8,5.9,0.3,
Lansing,Michigan,55.5,4.0,12.6,20.8,6.2,0.8,0.08,
Columbus,Indiana,75.2,2.4,6.6,2.2,13.7,0.3,0.7,0.1
Kansas-City,Kansas,37.1,2.6,31.2,22.9,5.7,0.5,0.04,0.07
Paris,Illinois,96.9,0.1,1.8,0.2,,,,
Darlington,South-Carolina,42.3,1.6,0.7,54.7,,0.08,,
Concord,California,44.5,4.5,32.7,4.0,13.6,0.3,0.2,0.08
Torrance,California,34.0,5.8,19.0,3.1,37.1,0.4,0.3,0.2
Sunny-Isles-Beach,Florida,58.8,1.1,36.6,1.8,1.3,0.07,0.3,
Shelbyville,Tennessee,56.9,2.7,24.7,15.1,,0.2,1.6,0.09
Anderson,South-Carolina,61.6,3.2,4.8,29.9,0.4,,0.03,0.07
Hollywood,Florida,37.1,3.2,36.8,21.0,1.7,,0.09,0.09
Marana,Arizona,61.8,3.6,26.0,2.8,4.8,0.5,0.08,0.3
Bangs,Texas,66.7,2.8,3.9,5.1,,0.4,,
Morehead-City,North-Carolina,77.2,2.5,7.5,9.8,2.4,0.3,,0.04
Minot,North-Dakota,80.3,5.7,6.5,3.8,2.4,1.1,0.2,0.3
Asheville,North-Carolina,77.2,1.8,7.0,11.2,1.7,0.4,0.05,0.2
Bridgeport,Ohio,84.9,2.4,,1.5,0.4,0.2,,
Wilmington,Delaware,28.4,1.8,10.7,58.4,1.2,0.2,0.6,0.03
Detroit,Michigan,10.6,1.3,8.3,77.4,1.7,0.6,0.1,
Pelham,New-Hampshire,94.7,0.9,1.9,0.5,1.7,0.1,0.2,0.01
Lincoln-Park,Michigan,66.1,2.8,22.4,8.1,0.6,0.6,0.1,
Catasauqua,Pennsylvania,77.7,0.7,15.2,4.2,0.6,,,
Raleigh,North-Carolina,52.5,2.1,12.5,28.3,4.0,0.4,0.1,
New-Orleans,Louisiana,30.7,1.9,5.5,58.5,2.8,0.2,0.4,0.01
Greeneville,Tennessee,87.2,2.2,5.5,4.1,0.3,0.5,,
Salt-Lake-City,Utah,63.6,2.5,19.8,2.4,6.7,1.7,0.09,3.2
Hillsdale,Illinois,2.3,2.3,3.6,0.7,,,,
Suitland,Maryland,1.7,1.0,8.5,87.2,0.9,,0.2,
Pacheco,California,45.7,5.2,2.7,2.7,2.4,0.7,0.6,
Lakeland,Florida,57.4,1.4,17.9,19.8,2.1,0.4,0.4,0.02
Huron,South-Dakota,69.6,1.3,12.4,1.9,11.4,1.4,,2.4
Bellingham,Washington,77.5,5.0,9.6,1.4,5.5,0.9,0.05,0.2
Elmwood-Park,Illinois,59.8,0.9,31.7,2.4,4.6,0.05,0.6,
Cave-Junction,Oregon,89.9,0.4,5.2,1.0,2.4,0.3,,
Evanston,Illinois,58.6,3.6,11.8,15.6,9.8,0.01,0.6,
Duluth,Minnesota,88.1,3.5,2.5,2.5,1.6,1.9,0.03,0.05
Crete,Illinois,51.6,2.8,9.6,35.7,0.5,,,
Watertown,South-Dakota,91.2,1.9,2.8,1.1,0.4,2.3,,
Decherd,Tennessee,78.1,2.5,4.8,3.8,0.3,0.2,,
Toms-River,New-Jersey,79.4,2.5,10.8,3.6,3.2,0.06,0.4,0.01
Melbourne-Beach,Florida,90.0,2.8,6.6,,0.5,,,
Newark,New-Jersey,12.1,0.7,36.9,47.4,1.5,0.2,1.2,
Hamlin,Texas,1.0,6.4,0.3,1.6,0.06,,,
Cullman,Alabama,88.2,2.7,5.7,1.1,0.6,0.8,0.4,
Newport,Arkansas,67.7,7.1,4.0,20.4,0.1,0.3,0.1,
Canton,Ohio,63.9,6.0,5.0,25.2,0.5,0.01,0.2,0.02
Allentown,Pennsylvania,29.1,0.7,54.7,11.2,3.6,0.1,0.5,0.06
Martinsville,Virginia,43.4,3.9,5.9,45.1,1.0,0.3,0.5,0.09
Fort-Worth,Texas,37.9,2.0,36.4,18.5,4.9,0.3,0.07,0.07
Millville,New-Jersey,59.9,2.2,18.9,15.2,2.4,0.5,,
Lafayette,Colorado,74.5,3.6,16.2,0.8,4.3,0.1,0.4,
State-College,Pennsylvania,77.9,2.3,4.5,3.7,11.4,0.06,0.01,0.1
Flagstaff,Arizona,64.6,4.5,19.6,1.4,3.1,6.9,0.04,0.5
Newport,North-Carolina,78.5,3.1,7.1,8.5,2.4,0.1,,
West-Portsmouth,Ohio,98.5,0.6,,,0.2,,,
Astoria,Oregon,80.6,6.2,11.3,0.3,0.8,0.3,,0.2
South-Lake-Tahoe,California,58.3,1.8,31.3,1.0,8.2,0.4,,0.02
Montoursville,Pennsylvania,92.2,4.3,2.1,0.02,0.7,,,
Rumford,Maine,94.9,1.8,1.0,0.6,1.3,,,
Jacksonville,Florida,49.9,3.2,10.7,30.7,4.8,0.3,0.4,0.03
Madison,Wisconsin,72.9,3.5,6.8,7.1,9.1,0.3,0.2,0.1
Wynne,Arkansas,64.0,4.0,2.0,29.6,,0.4,,
Waco,Texas,44.7,2.6,30.0,20.3,1.9,0.3,0.2,0.02
Florence,Kentucky,85.1,2.0,4.3,5.7,2.9,0.07,,
Williamsport,Pennsylvania,77.4,3.4,2.6,14.3,1.3,0.6,0.1,
Greencastle,Indiana,87.0,0.5,3.5,2.2,6.7,,0.05,0.1
Belfast,Maine,92.4,2.1,1.8,1.3,,0.5,3.3,
Laramie,Wyoming,80.2,2.5,10.6,2.2,3.4,1.0,0.07,0.05
Moundsville,West-Virginia,96.7,0.3,1.6,0.2,0.1,,,0.8
Lake-City,Florida,50.9,3.3,6.4,35.0,3.0,0.3,0.6,
Surfside-Beach,South-Carolina,94.3,1.2,3.5,0.3,0.6,,,
Franklin-Park,Illinois,47.0,1.2,48.4,0.3,3.1,0.2,,
El-Sobrante,California,34.3,5.8,29.3,11.7,18.3,0.07,0.1,0.6
Bluefield,Virginia,86.1,0.7,1.8,8.0,1.6,0.8,,
Richland,Washington,76.5,4.0,11.9,2.3,3.8,0.6,0.2,0.01
Christiansburg,Virginia,86.2,0.8,3.1,5.6,2.9,0.5,0.09,
Springfield,Ohio,71.1,6.0,4.5,17.2,0.9,0.3,0.2,0.03
Lake-Charles,Louisiana,44.0,2.2,3.4,47.8,1.9,0.5,0.3,
Nutley,New-Jersey,83.3,0.9,6.7,1.8,7.1,0.04,0.2,0.03
Bear,Delaware,33.7,2.7,22.1,37.6,5.0,,,
Laurens,South-Carolina,52.3,3.0,3.4,40.1,0.8,0.1,,
Wichita,Kansas,62.8,4.5,16.5,10.3,5.0,0.6,0.3,0.02
Carbondale,Illinois,57.6,3.1,5.6,26.5,5.9,0.3,0.7,0.08
Anderson,Indiana,74.5,2.7,5.8,15.6,0.9,0.2,0.7,
Niceville,Florida,81.8,5.2,4.5,6.0,2.4,0.09,,
Indianola,Mississippi,16.4,0.4,0.9,82.2,0.07,0.3,,
Chino-Valley,Arizona,76.4,1.0,19.6,0.4,2.1,0.2,,
Grand-Junction,Colorado,77.9,2.2,17.3,0.7,1.4,0.4,0.05,0.2
Springdale,Arkansas,46.5,2.1,38.5,2.7,2.1,0.6,0.7,8.7
Grayville,Illinois,94.9,1.3,2.1,0.6,0.1,,,
Naperville,Illinois,66.6,2.7,6.0,4.9,19.8,0.1,0.2,0.01
Clinton,Oklahoma,50.9,5.7,32.1,4.7,2.1,5.6,,
Jacksonville,North-Carolina,51.6,6.5,23.3,15.3,2.8,0.4,0.05,0.03
Geneseo,Illinois,96.5,0.7,0.3,0.8,0.7,,,
Manchester,Tennessee,83.9,4.9,4.0,4.3,1.0,0.09,2.1,0.08
Walla-Walla,Washington,67.0,4.1,23.9,2.1,2.4,0.2,,0.1
Struthers,Ohio,89.8,1.5,5.1,3.1,0.3,,,
Richardson,Texas,51.1,2.5,18.1,10.6,16.4,0.5,0.1,0.08
Haskell,Texas,58.6,2.8,32.6,4.3,0.2,0.7,,
Independence,Missouri,71.0,2.6,9.4,10.7,2.5,0.4,2.0,1.5
Shiprock,New-Mexico,1.6,1.1,2.9,0.2,0.6,94.6,,0.1
Topeka,Kansas,67.3,2.7,16.7,10.8,1.3,0.9,0.2,
Concordia,Missouri,95.3,2.1,1.2,0.3,,0.5,,0.3
Bristol,Tennessee,90.3,3.3,2.6,2.8,0.5,0.02,0.08,0.01
Brea,California,40.8,2.7,31.7,1.8,22.5,0.2,0.1,0.2
Kingston,Tennessee,89.3,2.0,1.5,5.3,1.1,,0.4,
Dallas,Texas,29.1,1.4,41.2,24.3,3.7,0.3,0.04,0.02
Jamestown,North-Dakota,89.4,2.3,3.6,2.0,0.5,2.0,0.02,0.08
Traverse-City,Michigan,90.1,2.9,2.5,1.5,1.0,2.0,,
Decatur,Arkansas,57.3,4.6,6.4,1.2,3.2,6.0,2.0,0.4
Aspermont,Texas,6.9,1.2,8.0,3.0,,,,
Cleveland,Oklahoma,74.2,9.0,3.6,1.7,1.3,9.9,,
Sioux-City,Iowa,66.5,3.4,20.5,4.7,3.3,1.9,0.1,0.3
Steeleville,Illinois,92.3,0.8,0.7,4.8,,0.4,,
Fairmont,West-Virginia,88.2,2.4,0.8,6.9,0.8,0.1,0.6,
Springfield,Oregon,78.9,4.8,11.8,0.9,1.7,1.2,0.02,0.4
Eau-Claire,Wisconsin,87.7,1.5,2.6,1.4,5.6,0.4,0.03,1.0
Pocatello,Idaho,83.0,2.9,9.2,0.9,2.1,1.4,0.2,0.2
Long-Branch,New-Jersey,51.7,2.2,31.2,13.4,1.5,0.1,0.9,
Absecon,New-Jersey,70.5,0.6,12.5,9.9,5.4,,,2.6
Bartlett,Illinois,66.1,2.3,12.9,1.9,16.7,0.1,0.3,0.01
La-Habra,California,24.9,1.5,59.7,1.3,12.3,0.2,0.07,
Tucumcari,New-Mexico,28.1,0.2,66.4,2.8,0.6,1.4,0.4,0.2
Logan,New-Mexico,7.6,0.6,8.0,,2.6,,,
Belleville,Illinois,65.5,4.9,3.2,25.1,0.4,0.2,0.2,
Tallahassee,Florida,48.0,2.2,6.5,38.1,4.8,0.1,0.3,0.04
San-Luis,Arizona,2.2,0.2,98.3,0.3,,0.2,,0.08
Biloxi,Mississippi,62.7,3.3,8.4,20.2,5.3,0.1,0.04,0.01
Truth-or-Consequences,New-Mexico,62.4,1.0,29.6,0.7,1.6,3.8,0.2,
Oak-Grove,Missouri,92.1,1.5,4.6,0.9,0.5,,,
Bowie,Maryland,29.6,4.4,7.7,51.5,5.0,0.2,0.2,
Stamford,Texas,46.3,3.0,47.4,3.1,,0.03,,
Kennett,Missouri,73.3,2.7,6.0,17.0,0.4,0.5,,
Henderson,Nevada,63.1,4.2,16.1,5.9,9.1,0.2,0.9,0.5
Atlanta,Illinois,97.1,1.0,0.5,0.05,0.3,,,
Durham,New-Hampshire,87.1,3.0,2.5,1.0,6.0,,0.2,
Texarkana,Texas,48.4,2.9,7.7,38.0,2.0,0.7,,
Ocean-City,Maryland,87.1,3.1,6.6,1.6,0.09,,,
Amherst,Ohio,87.4,2.9,6.5,0.8,2.6,0.2,,
Collinsville,Illinois,77.5,2.0,4.5,13.6,1.6,0.2,,
Centerville,Georgia,57.2,2.6,8.4,29.7,1.9,,,
Rock-Hill,South-Carolina,50.0,1.6,6.9,38.7,2.0,0.1,0.4,0.02
Valdese,North-Carolina,93.3,1.8,2.5,0.2,1.5,0.2,,
Titusville,Florida,70.9,5.5,6.3,12.8,2.7,0.3,1.0,0.2
Columbus,Ohio,53.9,3.7,7.0,29.0,5.9,0.2,0.3,
San-Bernardino,California,12.7,2.8,64.9,14.8,4.5,0.2,0.06,0.03
Tacoma,Washington,58.0,9.4,12.8,11.2,6.1,1.0,0.5,1.0
Dalton,Massachusetts,95.8,1.0,1.6,0.7,0.8,0.06,0.06,0.01
Muskogee,Oklahoma,50.0,9.3,8.6,15.0,0.9,16.5,0.1,0.03
Chadron,Nebraska,80.9,1.8,5.4,6.3,0.8,4.4,,
Carlsbad,New-Mexico,43.7,1.1,51.6,1.8,0.9,0.8,0.04,
Ashland,Oregon,85.0,3.0,7.4,1.8,2.1,0.5,0.05,0.2
Aurora,Illinois,34.6,2.6,42.6,10.4,9.6,0.06,0.05,0.1
Atlantic-City,New-Jersey,15.4,3.0,32.0,33.0,16.3,0.3,0.04,
Harrisburg,Illinois,87.2,5.0,0.9,4.1,1.9,,0.09,0.4
Prescott-Valley,Arizona,73.7,1.6,20.9,0.9,1.3,1.5,0.1,
Riverside,California,26.7,2.4,57.2,5.1,7.6,0.5,0.1,0.3
Dallas,Georgia,56.8,5.6,5.1,29.8,0.7,,1.5,0.5
Wyoming,Michigan,61.6,5.2,23.4,6.8,3.1,0.5,0.04,0.01
Youngstown,Ohio,45.9,3.0,8.7,40.8,1.1,0.1,0.5,
Cleveland,Texas,45.6,1.7,35.7,16.6,0.1,,,
Wildwood,New-Jersey,68.3,3.2,8.5,6.9,2.5,,,
Attleboro,Massachusetts,82.2,1.4,7.1,4.8,4.3,0.3,0.3,0.03
Swansboro,North-Carolina,79.8,1.8,6.5,2.1,8.8,,,
Longview,Texas,53.0,1.9,20.2,22.2,1.7,0.1,0.2,0.2
Augusta,Maine,92.6,2.1,1.9,1.0,1.3,0.7,0.3,0.02
Las-Cruces,New-Mexico,33.9,1.3,58.5,2.5,2.1,1.6,0.03,0.2
Irvine,California,39.3,5.0,10.4,2.2,42.8,0.03,0.1,0.2
Somerdale,New-Jersey,55.6,4.1,2.9,25.0,2.2,,,
Wisconsin-Rapids,Wisconsin,84.3,3.2,6.2,1.3,4.3,0.3,0.3,0.2
Butte,Montana,93.5,1.2,2.8,0.1,0.4,1.8,0.05,0.06
Lake-Orion,Michigan,92.1,0.1,4.0,0.2,3.2,,,
New-Bedford,Massachusetts,59.3,3.2,21.1,8.5,2.0,0.1,5.7,
South-Plainfield,New-Jersey,49.9,3.5,19.6,11.3,14.8,,0.4,
Akron,Ohio,57.2,4.1,3.0,30.7,5.0,0.2,0.6,0.01
New-Berlin,Illinois,97.5,1.2,0.3,0.1,,,,
Tye,Texas,7.0,1.8,5.8,0.6,0.5,,,3.1
Chattanooga,Tennessee,56.9,2.4,6.6,31.0,2.8,0.2,0.3,0.03
Medford,Oregon,75.5,3.4,16.7,1.1,1.7,1.3,0.2,0.5
Iowa-City,Iowa,74.7,2.5,6.1,9.1,7.3,0.3,0.6,0.05
Port-Angeles,Washington,80.9,5.0,6.8,1.3,2.6,2.5,0.07,
Frederick,Maryland,53.6,3.0,18.5,19.7,6.6,0.3,0.07,0.01
Springfield,Massachusetts,29.0,2.6,49.0,15.8,3.6,0.02,,
Red-Bank,New-Jersey,54.4,0.9,34.1,8.9,2.5,,,
Quincy,Illinois,87.6,2.3,1.9,6.3,0.9,0.2,0.2,
Glassboro,New-Jersey,62.7,3.3,12.2,18.0,4.1,0.01,0.8,
Waterville,Maine,91.8,1.6,2.5,1.0,2.6,0.2,,0.1
Harrison,Arkansas,90.9,4.7,2.2,0.6,0.4,0.6,,
Gulfport,Mississippi,52.0,2.4,6.0,37.7,1.4,0.6,0.03,
Bergenfield,New-Jersey,34.9,1.4,30.8,7.9,25.5,0.2,0.1,
Chicopee,Massachusetts,69.6,1.6,21.9,3.9,2.5,0.1,0.01,
Gaston,North-Carolina,3.5,1.7,5.8,7.9,0.2,0.6,,
South-Charleston,West-Virginia,80.6,5.5,2.2,8.4,2.6,0.8,,
Carson-City,Nevada,65.1,1.9,24.6,2.1,2.7,2.0,0.3,0.04
Milton,Georgia,67.5,1.6,5.9,11.0,13.1,0.07,0.5,0.1
Council-Bluffs,Iowa,83.5,1.8,10.7,2.7,1.0,0.5,,0.01
Throop,Pennsylvania,87.4,2.1,1.8,1.3,5.9,,,
Hampton,Virginia,37.2,3.8,6.2,49.5,2.6,0.02,0.5,0.2
La-Grande,Oregon,83.9,3.6,6.8,1.0,1.0,0.7,,2.1
Madras,Oregon,47.8,1.7,41.1,1.0,1.3,8.4,,
Waterbury,Connecticut,39.6,2.5,37.4,17.9,1.9,0.2,0.6,
Portland,Maine,81.9,2.3,3.1,9.0,3.6,0.4,0.2,0.04
Johnson-City,Tennessee,81.7,2.9,5.3,6.7,2.9,0.4,0.1,
Easthampton,Massachusetts,94.6,0.8,2.1,0.5,1.7,0.1,0.2,0.01
Georgetown,Delaware,42.1,1.1,39.4,2.9,5.2,0.04,0.4,
Clovis,New-Mexico,42.3,2.7,46.7,5.8,1.5,0.7,0.3,0.1
Newark,California,22.9,3.3,34.6,3.9,34.1,0.3,0.2,0.8
Honolulu,Hawaii,18.7,13.1,4.4,1.5,55.3,0.1,0.2,6.7
Corinth,Mississippi,67.9,3.6,4.1,24.3,0.02,,,
Lufkin,Texas,41.3,2.2,30.2,23.6,2.2,0.06,0.3,0.01
Roebuck,South-Carolina,68.8,0.6,2.3,7.6,0.9,,,
Altus,Oklahoma,57.6,3.2,28.0,8.4,1.6,1.6,0.06,0.05
Philadelphia,Pennsylvania,34.2,2.4,15.2,40.1,7.5,0.3,0.3,0.04
Seattle,Washington,62.8,5.6,6.6,7.3,16.5,0.6,0.2,0.4
San-Angelo,Texas,49.0,1.3,43.0,4.6,1.4,0.2,0.1,0.08
Milwaukee,Wisconsin,34.8,2.8,19.2,38.0,4.3,0.6,0.3,0.01
Nacogdoches,Texas,50.0,1.7,19.0,26.3,2.4,0.2,,0.04
Mill-Valley,California,85.9,3.6,4.3,0.9,5.4,,,
Allentown,New-Jersey,86.0,2.5,3.7,6.6,0.7,,0.1,
Cameron,Missouri,78.2,4.7,3.8,11.6,0.8,0.8,,0.06
Trenton,Georgia,87.2,3.4,4.2,0.6,1.6,,1.7,0.2
Woodward,Oklahoma,78.7,4.2,14.8,0.7,0.3,1.0,,
Carbondale,Colorado,56.9,0.9,40.7,1.0,0.2,0.1,,0.3
Columbus,Nebraska,73.7,0.9,24.1,0.5,0.6,0.6,,
Miami-Beach,Florida,30.3,0.8,61.1,3.1,4.1,,0.7,
Scranton,Pennsylvania,70.7,2.1,16.6,7.0,5.3,0.01,0.02,0.1
Spearfish,South-Dakota,90.9,2.6,2.4,0.9,0.9,2.0,,0.4
Beacon-Falls,Connecticut,91.2,1.1,5.0,1.4,1.2,0.03,0.08,0.02
Highland,Indiana,74.6,0.8,15.9,4.9,2.8,1.0,0.05,0.09
Caribou,Maine,93.6,1.4,2.2,1.7,0.1,1.0,,
Marfa,Texas,7.1,,73.1,,0.05,,,
Anchorage,Alaska,57.0,8.1,9.4,5.1,9.0,8.7,0.08,2.8
Bentonville,Arkansas,69.5,3.1,10.5,3.2,12.2,0.7,0.4,0.2
Levittown,New-York,71.5,2.1,16.0,1.0,8.1,,0.5,
Blacksburg,Virginia,74.2,2.0,4.5,4.7,13.1,0.5,0.7,0.04
Lynchburg,Virginia,61.6,2.1,4.3,28.7,2.5,0.2,0.3,0.01
Manchester,Connecticut,66.0,2.3,12.0,11.3,7.9,0.2,0.2,0.03
Fruitland-Park,Florida,83.1,3.6,6.6,5.0,0.2,0.1,0.3,
Paterson,New-Jersey,7.3,0.5,60.7,24.6,6.4,,0.4,
Albuquerque,New-Mexico,38.5,2.4,49.3,2.5,3.0,3.9,0.3,0.04
Beach-Park,Illinois,44.4,4.0,37.0,11.2,4.5,,,
Janesville,Wisconsin,88.1,2.1,5.6,2.3,1.5,0.2,,0.02
Jackson,Tennessee,47.3,1.9,4.4,44.4,1.5,0.1,0.6,
Grandview,Missouri,45.9,5.7,10.3,35.2,1.8,0.06,1.0,
Melbourne,Arkansas,97.6,1.1,,0.6,,,,
Valdosta,Georgia,38.0,1.3,5.4,53.3,1.6,0.2,0.3,0.01
Meadow,Utah,6.5,0.4,1.3,,,0.9,,
Merced,California,23.7,2.6,57.8,3.0,12.6,0.3,,
Billings,Montana,85.5,2.6,6.4,0.3,0.7,4.5,0.03,
Fort-Myers,Florida,48.4,1.3,25.4,21.9,2.7,0.04,0.5,0.1
Greenville,Mississippi,15.9,0.7,0.6,82.1,0.8,0.1,0.2,
Hilo,Hawaii,16.8,28.2,11.9,0.4,34.1,0.07,0.1,9.1
Millinocket,Maine,92.8,0.3,5.4,,,1.4,,
Portland,Oregon,70.5,5.2,9.7,5.5,8.1,0.6,0.1,0.3
Bellmawr,New-Jersey,73.6,1.0,10.9,2.0,11.3,,0.3,
Lubbock,Texas,50.1,2.4,37.4,7.1,2.6,0.3,0.06,0.03
Charlotte,North-Carolina,40.5,2.9,15.0,34.7,6.2,0.3,0.3,0.04
Dalton,Georgia,42.2,1.2,47.6,6.7,2.9,0.2,0.06,0.01
Dothan,Alabama,57.6,1.5,3.5,35.0,1.3,0.09,1.9,0.04
Vermillion,South-Dakota,84.5,2.0,3.3,2.4,3.4,3.7,0.1,
Millbrook,Alabama,67.0,1.4,5.1,26.0,0.5,,,
Worcester,Massachusetts,53.2,2.7,25.2,12.4,5.0,0.4,1.1,0.1
Montgomery,Alabama,30.5,1.7,3.9,61.3,2.9,0.1,0.1,0.01
West-Haven,Connecticut,49.2,3.4,24.5,19.2,4.1,0.05,0.3,
Brooklyn,Ohio,64.8,3.7,13.4,13.2,4.8,,0.5,0.08
Dalhart,Texas,50.8,2.0,42.1,0.8,2.5,1.0,0.4,
Clinton,Maryland,7.1,2.0,7.2,79.8,2.7,0.3,0.05,0.06
Rockford,Illinois,52.4,3.0,19.5,22.5,3.5,0.07,0.4,
Waterloo,Iowa,70.3,2.6,7.2,18.3,2.2,0.5,0.1,0.1
Hopkinsville,Kentucky,60.7,1.9,3.7,31.4,1.7,0.4,0.02,0.5
Gainesville,Florida,55.0,2.3,13.2,21.9,5.8,0.2,0.8,0.9
Lake-Wales,Florida,51.2,1.7,20.6,25.3,0.2,,0.7,0.02
New-Castle,Delaware,62.0,2.0,6.6,26.9,1.4,0.2,0.5,
Greenville,South-Carolina,66.7,1.8,5.1,22.5,2.4,0.2,0.3,0.6
Richmond,Virginia,41.9,3.3,7.3,44.9,2.0,0.1,0.3,
Missoula,Montana,88.2,3.6,3.6,1.0,2.2,1.4,0.2,0.02
Denver,Colorado,54.8,3.2,29.3,8.5,3.6,0.4,0.2,0.07
Altoona,Pennsylvania,90.0,2.9,2.6,3.5,0.2,0.07,0.04,0.03
Milford,Delaware,51.8,2.6,16.3,25.9,1.6,0.3,1.5,0.3
Queen-City,Texas,72.9,2.0,1.1,2.7,,,,
Oacoma,South-Dakota,1.9,,,,,7.3,,
Des-Plaines,Illinois,62.5,2.1,19.4,2.0,13.8,0.1,0.3,0.1
Bismarck,North-Dakota,87.4,2.4,2.8,2.1,1.1,4.0,0.03,0.2
Trinity,Texas,41.8,4.7,5.1,8.2,0.2,,,
Upper-Marlboro,Maryland,2.4,1.3,,3.8,,,,
Redding,California,77.5,3.5,10.1,1.6,4.6,2.4,0.2,0.05
Atlanta,Georgia,39.1,1.7,4.9,48.5,5.3,0.2,0.2,0.1
Norman,Oklahoma,71.1,5.8,9.6,5.1,4.6,3.7,,0.09
Indio,California,28.3,0.8,65.7,3.1,2.3,0.2,0.1,
Topsham,Maine,92.9,1.4,3.4,,2.0,,,
Adrian,Michigan,72.5,3.2,19.8,4.1,0.08,0.2,0.4,0.03
Clayton,New-Mexico,40.5,3.6,51.2,1.9,,1.9,0.6,
Rome,Georgia,49.1,2.7,18.7,25.9,2.9,0.2,0.7,
Laurel,Delaware,31.5,2.5,3.8,52.1,0.02,,,
Sweetwater,Texas,46.6,1.0,43.8,7.7,0.4,0.2,,
Decatur,Illinois,68.4,6.6,3.0,20.6,0.7,0.2,0.2,0.02
Midland,Michigan,87.2,1.8,3.9,2.0,4.2,0.6,0.2,0.06
Manassas,Virginia,39.3,3.5,38.2,13.2,5.5,0.3,0.2,0.1
Brunswick,Georgia,32.5,1.7,8.8,54.7,2.2,0.2,0.07,0.2
Talladega,Alabama,44.3,1.5,6.0,48.2,0.1,0.2,0.1,
Parkersburg,West-Virginia,93.7,1.7,0.8,3.1,0.4,0.09,,0.1
Mason,Tennessee,9.9,,6.3,1.8,1.6,,0.6,
Mount-Zion,Illinois,83.3,9.1,1.2,4.5,1.1,0.5,,
Great-Falls,Montana,83.9,4.7,4.8,1.1,0.7,4.9,0.07,0.02
Kearney,Nebraska,85.0,1.9,9.7,1.2,1.8,0.2,0.02,
Portland,Texas,53.9,0.7,41.6,1.1,2.0,0.05,,0.1
Weirton,West-Virginia,92.4,2.6,1.5,2.6,0.6,,,0.2
Chandler,Oklahoma,71.2,2.5,3.3,6.2,,5.9,,0.2
Glenview,Illinois,75.3,1.9,6.3,1.5,14.9,0.03,0.1,
Davenport,Iowa,73.6,3.1,9.1,12.4,2.3,0.3,0.2,0.02
Pittsburg,Kansas,78.8,4.2,9.7,3.6,3.1,0.6,,
Tazewell,Virginia,83.7,2.5,1.0,0.9,0.2,0.7,,
Elizabeth,New-Jersey,11.0,0.6,66.8,19.1,0.9,0.2,1.4,
Norfolk,Nebraska,79.6,1.1,14.1,1.7,1.9,1.8,,
Fayetteville,Arkansas,76.3,2.8,7.7,7.2,3.6,1.0,0.6,0.1
West-Des-Moines,Iowa,79.0,1.5,6.2,4.8,8.0,0.2,0.02,0.05
Hardeeville,South-Carolina,70.4,0.4,2.1,16.1,0.5,0.6,,
The-Dalles,Oregon,85.0,1.6,10.5,0.3,0.9,1.1,0.09,0.6
Rochester,New-Hampshire,91.8,2.5,2.8,0.7,1.8,0.05,,0.3
Memphis,Tennessee,25.9,1.3,7.7,62.8,2.1,0.1,0.08,0.01
Goshen,Indiana,65.6,2.4,27.0,3.6,2.0,0.02,0.1,
Columbia,South-Carolina,52.2,2.5,6.9,35.4,2.6,0.1,0.1,0.08
Huntingburg,Indiana,65.2,1.2,29.8,1.9,2.8,,,
Lahaina,Hawaii,21.5,16.0,14.1,0.1,39.6,,0.3,8.4
Appleton,Wisconsin,78.8,2.0,8.4,3.2,7.3,0.4,,
San-Fernando,California,4.1,0.07,93.4,0.7,1.3,0.6,0.1,0.02
Michigan-City,Indiana,58.4,4.7,6.5,29.6,0.9,0.1,0.08,
Rapid-City,South-Dakota,76.4,4.8,5.3,1.5,1.5,10.3,0.1,0.2
Mentone,California,41.2,4.9,40.6,3.5,8.0,,1.1,
Yankton,South-Dakota,86.8,2.3,4.3,2.6,0.2,3.8,,0.6
Bozeman,Montana,89.2,3.2,3.7,1.0,2.3,0.7,0.04,
Oshkosh,Wisconsin,86.8,1.3,4.0,3.6,3.5,0.4,0.07,0.3
Peoria,Arizona,69.8,3.7,17.9,3.3,4.8,0.4,,0.1
Melville,New-York,80.5,1.9,5.0,3.1,8.0,,0.2,0.1
San-Augustine,Texas,7.2,2.2,4.4,6.0,,,,
Hartford,Wisconsin,91.0,1.6,4.1,1.6,0.3,0.5,0.5,
Racine,Wisconsin,53.7,3.0,19.9,22.3,0.6,0.3,0.2,
Morgantown,West-Virginia,85.4,2.7,3.5,4.1,3.4,0.1,0.6,
Mason,Texas,61.5,2.3,1.3,0.09,4.1,,,
Kalamazoo,Michigan,62.8,5.9,8.0,21.4,2.0,0.1,0.3,
Siren,Wisconsin,3.0,2.2,3.1,,0.5,0.7,,
Martinsville,Illinois,96.3,1.8,0.4,,,0.4,,
Colorado-Springs,Colorado,67.3,4.1,18.8,5.8,3.0,0.5,0.2,0.3
West-Dundee,Illinois,81.6,0.2,6.0,2.2,9.6,,,
Spirit-Lake,Iowa,95.4,1.1,2.1,0.3,0.6,,,
Wheatland,Wyoming,81.9,4.3,0.9,,2.5,,,
Haledon,New-Jersey,31.9,1.4,53.5,1.1,1.5,0.04,0.5,
Sarasota,Florida,64.6,1.8,17.7,13.5,1.7,0.2,,
Sunray,Texas,4.7,1.8,50.8,,1.4,1.0,,
Providence,Rhode-Island,32.0,2.6,44.2,15.3,5.1,0.4,0.3,0.04
Troutdale,Oregon,69.4,5.1,15.9,2.7,5.4,1.0,0.4,
Texarkana,Arkansas,57.8,2.6,4.7,33.7,0.2,0.7,0.3,0.08
Flint,Michigan,36.8,4.5,4.6,53.2,0.4,0.4,0.06,0.01
Greensboro,North-Carolina,38.3,3.5,9.3,42.2,5.8,0.5,0.5,0.04
Oakley,Kansas,88.3,2.5,7.6,0.05,,1.1,0.2,
Chula-Vista,California,16.8,2.4,58.0,5.0,17.3,0.07,0.05,0.4
McAllen,Texas,9.4,0.5,84.0,0.3,3.6,0.07,2.3,
Baltimore,Maryland,27.4,1.7,5.7,61.8,2.6,0.3,0.4,0.04
Willowick,Ohio,91.1,1.7,2.1,4.0,0.6,,,
Steamboat-Springs,Colorado,86.2,0.3,9.3,1.5,1.7,0.1,0.2,
Beaumont,Texas,31.4,1.0,17.3,46.9,3.3,0.2,0.06,0.03
Edmond,Oklahoma,74.6,6.7,6.8,5.3,3.5,2.2,0.2,0.04
Okawville,Illinois,90.9,2.1,2.8,3.4,,,,
Alpena,Michigan,94.4,1.2,2.5,1.1,0.4,0.2,,
North-Haven,Connecticut,81.7,1.6,5.3,4.4,5.6,,0.04,
Twin-Falls,Idaho,77.1,1.8,16.6,1.4,2.6,0.5,,0.06
Covington,Kentucky,78.0,3.5,6.2,11.5,0.7,0.2,0.02,0.01
Windsor,Colorado,85.6,2.1,8.9,0.4,1.6,0.3,0.04,
New-Haven,Michigan,84.7,5.5,1.3,8.1,,0.1,0.1,
Enid,Oklahoma,69.6,5.1,15.2,2.8,1.1,1.9,,2.6
Pittsburgh,Pennsylvania,63.7,2.9,3.7,23.5,5.7,0.2,0.3,
Bangor,Maine,89.1,2.8,2.1,2.1,2.5,0.9,1.0,
Springfield,Missouri,84.7,3.3,4.6,4.6,2.2,0.5,0.2,0.03
Woonsocket,Rhode-Island,61.0,4.2,19.7,7.9,5.7,0.3,1.0,
Marianna,Arkansas,8.9,1.1,0.4,80.4,,,,
Coleman,Wisconsin,9.8,7.1,2.4,,0.3,,,
Jackson,Mississippi,15.5,0.5,1.4,82.5,0.3,0.1,0.05,0.01
Chillicothe,Ohio,86.0,5.5,1.1,6.3,0.3,,0.4,0.03
California,Maryland,62.4,3.3,9.5,20.3,3.0,0.3,0.6,
Bedford,Virginia,75.4,2.8,0.03,20.6,0.5,,,
Covington,Tennessee,46.6,2.6,1.8,48.3,,,0.5,
Buffalo,New-York,40.7,2.5,13.8,35.5,7.0,0.4,0.05,0.03
Evansville,Indiana,78.3,3.2,3.3,13.3,1.1,0.1,0.3,0.4
Alton,Texas,2.8,,97.2,,,0.06,,
Arlington-Heights,Illinois,79.5,1.6,6.4,1.6,10.6,0.03,0.1,
Howell,Michigan,88.8,2.7,4.3,1.2,2.1,0.4,0.1,0.2
El-Campo,Texas,35.0,0.3,56.5,8.0,,0.2,,
Cranston,Rhode-Island,66.9,4.7,15.3,5.2,7.1,0.02,0.6,0.2
Sayreville,New-Jersey,51.8,2.1,18.2,10.8,15.4,0.02,0.9,0.1
Sedona,Arizona,87.6,0.8,9.9,0.3,1.5,0.1,,
West-Park,Florida,14.4,0.4,32.8,51.5,0.7,,1.2,
Mobile,Alabama,41.4,2.3,2.6,52.1,1.8,0.2,0.1,0.01
Oak-Grove,Kentucky,54.8,1.1,15.7,24.3,1.1,0.4,2.0,1.3
Chubbuck,Idaho,83.0,2.9,10.6,0.3,1.8,0.6,0.7,0.2
San-Diego,California,42.6,3.6,30.3,5.8,16.8,0.2,0.2,0.4
Lemont,Illinois,89.6,0.9,5.4,0.5,2.8,0.05,,
Huntsville,Alabama,56.2,2.0,7.3,32.2,1.7,0.3,0.2,0.05
Lake-City,South-Carolina,15.3,0.6,1.8,81.3,,0.3,,
Bakersfield,California,29.5,3.3,52.4,6.7,7.5,0.4,0.08,0.2
Lancaster,Pennsylvania,39.8,4.4,40.1,13.3,4.6,0.01,0.08,0.1
Jersey-City,New-Jersey,25.9,3.0,25.2,20.3,24.5,0.2,0.9,
Victorville,California,20.2,2.9,56.7,17.9,1.9,0.3,0.08,
El-Paso,Texas,12.4,0.8,82.1,3.0,1.3,0.4,0.09,0.01
Boonville,Missouri,78.6,5.1,3.1,1.0,0.6,0.6,0.6,0.4
Salem,Oregon,65.3,5.7,23.6,1.0,3.1,0.6,0.08,0.6
New-Brunswick,New-Jersey,25.8,1.6,48.8,14.8,9.9,0.03,0.08,0.1
Sealy,Texas,46.7,3.2,41.2,8.6,,,,
Minneapolis,Minnesota,60.4,4.5,9.8,19.1,4.8,0.8,0.5,0.1
Fair-Haven,New-Jersey,92.7,0.4,2.4,3.3,0.8,,,
Reno,Nevada,61.5,3.0,24.1,2.4,7.5,0.8,0.2,0.5
New-Castle,Pennsylvania,79.9,5.4,3.3,10.7,0.2,,0.1,
Albany,Georgia,20.7,1.4,2.3,75.0,0.9,0.2,0.09,0.01
Visalia,California,35.2,1.6,54.5,2.3,5.8,0.5,,0.06
Hartford,Connecticut,15.5,1.8,44.9,35.7,1.4,0.08,0.5,
Windsor,Missouri,91.3,7.1,0.8,0.7,,,,
New-Haven,Connecticut,27.4,3.0,32.1,32.1,5.4,,0.09,
Ocala,Florida,58.6,2.2,16.8,20.8,1.7,0.07,0.07,0.1
Fort-Myers-Beach,Florida,94.9,0.3,2.0,0.1,0.8,0.2,,0.3
New-York,New-York,31.9,2.1,29.1,21.7,14.3,0.2,0.8,0.02
Williamsport,Ohio,8.1,0.8,0.3,,,,,
Blackwell,Oklahoma,79.5,5.6,7.4,0.4,,6.5,0.2,
Fortuna,California,70.6,4.0,22.4,0.4,0.5,2.0,0.02,0.6
Miami,Florida,13.3,0.5,71.3,13.5,1.0,0.05,0.2,0.01
Herrin,Illinois,90.1,2.1,2.0,1.8,3.2,0.1,,
Grand-Forks,North-Dakota,81.9,2.5,4.6,4.0,3.2,2.6,0.3,2.0
Macon,Georgia,26.0,2.8,2.7,69.8,0.8,0.06,0.03,0.02
Alexandria,Virginia,52.2,4.7,16.6,20.5,5.5,0.07,0.4,0.02
Plymouth,Connecticut,93.9,1.3,3.0,0.8,0.8,0.1,0.08,0.02
Odessa,Texas,31.5,0.6,59.0,7.0,1.9,0.04,0.02,0.02
Edgewater,Maryland,81.3,2.0,0.0,4.4,1.2,,,
Jonesboro,Arkansas,68.0,2.7,6.4,20.2,1.9,0.2,0.3,0.01
Fayetteville,North-Carolina,36.2,5.5,13.3,39.8,3.4,1.0,0.4,0.4
Callaway,Florida,60.6,5.6,8.8,15.1,4.2,0.4,7.1,
Fresno,California,26.7,2.5,49.9,6.6,13.4,0.5,0.4,0.1
Battle-Creek,Michigan,64.7,5.5,7.8,17.9,4.2,0.3,0.09,0.03
West-Jordan,Utah,67.9,2.5,24.4,0.8,2.2,0.2,0.2,1.8
Greenville,North-Carolina,49.9,3.1,4.9,38.8,2.6,0.3,0.4,0.04
Fort-Wayne,Indiana,65.0,4.3,9.7,15.1,5.4,0.3,0.4,0.02
Niantic,Connecticut,91.6,2.6,3.8,0.1,0.3,,,
Houston,Texas,23.3,1.5,45.8,22.4,6.5,0.2,0.3,0.02
Nampa,Idaho,69.5,2.6,24.8,0.8,1.1,0.6,0.7,0.1
Santa-Fe,New-Mexico,40.6,1.0,54.0,0.9,1.7,1.4,0.3,
Chicago,Illinois,33.5,2.0,28.8,28.5,6.9,0.06,0.2,0.04
Ironton,Ohio,92.3,1.8,1.5,3.9,0.08,,,
Alexandria,Kentucky,96.7,1.0,1.5,,0.3,,,0.2
Harlingen,Texas,14.8,0.4,82.1,0.8,1.2,0.3,,0.04
Jefferson-City,Missouri,72.3,1.6,3.8,20.0,2.6,0.1,0.08,
Ventura,California,67.5,2.5,25.1,1.3,2.8,0.6,0.1,0.1
Cedar-Rapids,Iowa,80.6,3.4,4.2,8.4,2.9,0.3,0.4,0.09
Kane,Pennsylvania,95.5,0.4,1.5,0.9,0.1,,0.7,
Champaign,Illinois,58.6,2.7,6.5,18.3,13.7,0.09,0.3,0.01
Fredericksburg,Virginia,58.7,5.9,11.1,20.9,2.8,0.2,0.3,0.1
Farmington,New-Mexico,42.5,3.7,23.9,1.2,0.7,27.2,0.9,0.02
Bend,Oregon,84.8,1.9,9.6,0.5,2.2,1.0,0.05,0.05
Virginia-Beach,Virginia,60.8,4.7,8.5,18.4,6.9,0.2,0.4,0.09
Eagar,Arizona,80.4,0.2,7.4,,,1.6,,
Flora,Illinois,91.8,6.3,0.06,0.6,0.3,0.4,,
Panama-City,Florida,65.5,3.0,8.3,18.3,2.0,0.2,0.7,1.5
Lancaster,New-Hampshire,95.8,0.8,0.9,1.3,0.8,,,
Marquette,Michigan,89.2,2.8,2.9,3.8,0.5,0.5,0.09,0.1
Coos-Bay,Oregon,81.1,6.2,9.8,0.7,1.1,0.9,,
Cumberland,Maryland,87.0,3.4,1.6,5.8,0.5,0.06,0.07,0.02
Rancho-Mirage,California,77.9,0.7,10.2,2.4,4.7,1.0,,0.1
Garden-City,Kansas,38.3,1.7,52.0,3.6,5.3,0.2,,
Hermleigh,Texas,4.0,,4.4,,,1.0,,
Alexandria,Louisiana,38.1,1.5,2.5,55.3,2.1,0.6,0.08,
Dover,New-Jersey,19.4,1.0,71.0,8.6,2.0,,1.6,
Santa-Clarita,California,47.2,2.4,34.6,4.5,10.3,0.1,0.5,0.3
Heyworth,Illinois,91.4,2.3,4.2,0.5,0.9,,,
Southaven,Mississippi,60.0,1.3,5.6,30.7,2.4,0.06,0.2,0.02
Spokane,Washington,81.0,4.0,6.2,3.0,2.9,2.2,0.08,0.6
Roanoke,Virginia,57.8,3.6,6.5,28.4,3.0,0.2,0.3,0.02
Athens,Georgia,64.3,1.2,5.5,25.1,3.6,0.1,0.2,0.05
Neptune-City,New-Jersey,75.4,0.6,3.8,7.6,2.7,,,
Chesapeake,Virginia,56.7,3.5,6.4,29.7,3.2,0.1,0.3,0.05
Winchester,Virginia,65.2,3.8,18.4,10.1,2.1,0.2,0.05,
Wausau,Wisconsin,80.7,2.9,3.5,0.6,12.0,0.4,,0.1
Eufaula,Alabama,46.7,1.5,4.5,46.3,0.9,0.2,0.3,
Santa-Maria,California,13.8,0.6,80.7,1.8,2.8,0.2,,
Spring-Hill,Florida,73.2,1.8,19.6,3.9,1.1,0.2,0.06,0.2
Cicero,New-York,94.2,1.1,1.6,1.6,1.0,0.3,0.1,0.01
Richland,Missouri,85.1,3.0,0.5,0.9,0.4,,,
Newport-News,Virginia,42.1,4.0,9.4,40.7,3.1,0.07,0.3,0.2
Pine-Hill,New-Jersey,55.3,4.6,8.6,29.1,2.0,,,
Dunbar,West-Virginia,76.2,5.9,3.0,3.3,1.5,0.07,,
Lafayette,Louisiana,60.8,1.2,3.6,31.7,2.2,0.3,0.2,
Wilton,Connecticut,90.0,1.4,3.0,0.9,4.5,0.03,0.2,
Dubuque,Iowa,87.1,1.8,2.7,5.7,1.3,0.3,0.2,0.3
Charleston,West-Virginia,77.3,3.6,1.0,15.6,2.1,0.3,0.1,
Shreveport,Louisiana,36.0,1.2,2.9,57.9,1.4,0.4,,0.2
West-Plains,Missouri,94.9,2.1,1.6,0.2,0.3,0.7,,
Abilene,Texas,57.1,1.7,27.7,10.9,2.2,0.04,0.3,
Bridgeport,West-Virginia,93.5,1.0,1.0,0.9,3.3,,0.2,
Clementon,New-Jersey,44.9,0.8,4.5,35.8,2.0,0.3,2.3,
Beaumont,California,32.3,2.0,47.5,8.7,8.9,0.4,0.2,0.1
Dayton,Ohio,52.5,4.7,4.8,36.4,1.0,0.3,0.1,0.01
Norfolk,Virginia,43.3,4.1,8.5,40.3,3.5,0.3,0.08,0.02
Burnsville,North-Carolina,83.9,3.1,6.3,5.2,0.2,0.6,,0.1
Manchester,New-Hampshire,76.2,2.6,11.2,5.4,4.9,0.2,0.09,0.01
Harahan,Louisiana,82.6,0.1,0.3,4.9,1.2,,,
Bettendorf,Iowa,84.2,2.5,4.3,2.6,6.1,,0.2,
Dayton,Kentucky,92.5,1.8,1.5,3.1,0.2,0.3,0.3,
New-Iberia,Louisiana,51.3,2.0,4.0,40.9,1.5,0.1,0.2,
Charleston,Illinois,82.7,1.8,3.9,7.9,2.7,0.3,0.04,0.06
Canyon,Texas,75.3,1.7,17.2,2.3,2.1,0.5,,0.4
Logan,Utah,75.7,2.4,15.7,1.3,3.4,0.4,0.7,0.5
Dodge-City,Kansas,31.9,1.4,63.6,2.3,1.7,0.4,0.2,0.05
Hephzibah,Georgia,62.4,6.0,5.1,26.0,0.4,,,
Osseo,Wisconsin,94.4,0.7,2.2,0.5,,1.7,,
Boulder,Colorado,79.2,3.2,9.7,1.5,6.0,0.1,0.3,0.03
Anaheim,California,22.5,1.9,53.4,3.3,18.1,0.1,0.08,0.6
Kingsport,Tennessee,89.3,3.0,2.4,3.5,1.3,0.07,0.05,0.2
Fairview-Heights,Illinois,56.0,5.4,2.8,32.5,2.7,,0.3,0.1
Dunn-Loring,Virginia,58.6,3.8,12.0,4.7,19.4,0.2,0.8,
Austin,Indiana,96.8,0.8,0.8,,,0.6,,
Riverhead,New-York,49.6,1.1,28.3,17.9,2.9,,0.5,
Brawley,California,11.5,1.0,84.5,1.1,0.4,0.6,0.03,0.3
Center,Texas,33.7,,29.1,37.2,,,,
Big-Lake,Texas,2.5,0.5,76.2,1.0,0.2,,,
Clarkston,Washington,85.0,3.3,7.3,,1.5,1.7,,0.04
Port-Charlotte,Florida,74.5,2.5,10.6,9.3,1.3,0.3,0.6,0.06
Marion,Illinois,83.5,4.5,2.4,7.9,1.2,0.03,0.06,
Marina,California,34.9,8.0,31.2,6.7,17.7,0.1,0.2,0.6
Westbrook,Maine,88.2,1.8,1.6,5.3,2.0,0.6,1.2,
Escanaba,Michigan,90.4,4.2,1.0,0.8,0.7,3.0,,
Rayville,Louisiana,0.8,1.3,2.0,73.9,2.2,,,
Bargersville,Indiana,96.6,,,1.4,1.2,,,
Knoxville,Tennessee,74.4,3.5,4.3,15.1,1.6,0.8,0.4,0.02
Eureka,California,69.3,5.7,14.4,2.7,5.7,2.0,0.01,0.2
Roswell,New-Mexico,35.9,0.8,58.9,1.7,1.3,1.2,0.4,0.01
Casper,Wyoming,86.1,1.8,8.9,1.6,0.5,1.1,0.01,0.01
Elizabethtown,Kentucky,72.8,5.6,5.7,11.3,4.3,0.2,0.4,0.2
Bloomfield,Indiana,96.1,1.0,1.5,0.3,0.2,,,
Monroe,Louisiana,32.5,0.9,2.4,62.3,0.9,0.2,1.2,
Sedalia,Missouri,79.5,1.7,12.1,5.9,0.7,0.09,0.2,
Houghton,Michigan,80.9,2.7,2.1,2.4,0.9,0.4,0.7,
Waynesville,North-Carolina,87.6,1.9,6.1,2.4,0.8,0.7,,
International-Falls,Minnesota,92.1,1.4,0.5,1.2,0.4,3.4,,
Harrisonburg,Virginia,65.3,3.4,20.4,6.6,3.9,,0.4,
